gs_name,gene_symbol
CD4_TCM-Lung_vs_LDLN_up,SRSF5
CD4_TCM-Lung_vs_LDLN_up,FAM153A
CD4_TCM-Lung_vs_LDLN_up,ZNF551
CD4_TCM-Lung_vs_LDLN_up,UMPS
CD4_TCM-Lung_vs_LDLN_up,RBM44
CD4_TCM-Lung_vs_LDLN_up,SRSF2
CD4_TCM-Lung_vs_LDLN_up,SRSF7
CD4_TCM-Lung_vs_LDLN_up,METAP1D
CD4_TCM-Lung_vs_LDLN_up,GSTM2
CD4_TCM-Lung_vs_LDLN_up,CXCR5
CD4_TCM-Lung_vs_LDLN_up,HEBP2
CD4_TCM-Lung_vs_LDLN_up,NAA16
CD4_TCM-Lung_vs_LDLN_up,HYI
CD4_TCM-Lung_vs_LDLN_up,ZNF726
CD4_TCM-Lung_vs_LDLN_up,ANKRA2
CD4_TCM-Lung_vs_LDLN_up,MRPL38
CD4_TCM-Lung_vs_LDLN_up,TCEA3
CD4_TCM-Lung_vs_LDLN_up,ZFP30
CD4_TCM-Lung_vs_LDLN_up,ADD2
CD4_TCM-Lung_vs_LDLN_up,SLC24A1
CD4_TCM-Lung_vs_LDLN_up,ISCU
CD4_TCM-Lung_vs_LDLN_up,KLHL29
CD4_TCM-Lung_vs_LDLN_up,DUS4L
CD4_TCM-Lung_vs_LDLN_up,GEMIN4
CD4_TCM-Lung_vs_LDLN_up,CCNL1
CD4_TCM-Lung_vs_LDLN_up,AASS
CD4_TCM-Lung_vs_LDLN_up,POLR1C
CD4_TCM-Lung_vs_LDLN_up,SNRPN
CD4_TCM-Lung_vs_LDLN_up,GORAB
CD4_TCM-Lung_vs_LDLN_up,ZGRF1
CD4_TCM-Lung_vs_LDLN_up,LRMP
CD4_TCM-Lung_vs_LDLN_up,ANKRD18A
CD4_TCM-Lung_vs_LDLN_up,ZNF460
CD4_TCM-Lung_vs_LDLN_up,TXK
CD4_TCM-Lung_vs_LDLN_up,ZIK1
CD4_TCM-Lung_vs_LDLN_up,C5orf63
CD4_TCM-Lung_vs_LDLN_dn,HSPA6
CD4_TCM-Lung_vs_LDLN_dn,CEBPD
CD4_TCM-Lung_vs_LDLN_dn,OLR1
CD4_TCM-Lung_vs_LDLN_dn,G0S2
CD4_TCM-Lung_vs_LDLN_dn,TYROBP
CD4_TCM-Lung_vs_LDLN_dn,CSF1R
CD4_TCM-Lung_vs_LDLN_dn,CD1E
CD4_TCM-Lung_vs_LDLN_dn,APOL4
CD4_TCM-Lung_vs_LDLN_dn,LPL
CD4_TCM-Lung_vs_LDLN_dn,MS4A7
CD4_TCM-Lung_vs_LDLN_dn,CD300LF
CD4_TCM-Lung_vs_LDLN_dn,CYP27A1
CD4_TCM-Lung_vs_LDLN_dn,GAS2L1
CD4_TCM-Lung_vs_LDLN_dn,APOC1
CD4_TCM-Lung_vs_LDLN_dn,NUPR1
CD4_TCM-Lung_vs_LDLN_dn,PLXDC2
CD4_TCM-Lung_vs_LDLN_dn,FABP4
CD4_TCM-Lung_vs_LDLN_dn,FGR
CD4_TCM-Lung_vs_LDLN_dn,GPNMB
CD4_TCM-Lung_vs_LDLN_dn,DNAJB1
CD4_TCM-Lung_vs_LDLN_dn,HSPB1
CD4_TCM-Lung_vs_LDLN_dn,ITGAX
CD4_TCM-Lung_vs_LDLN_dn,FN1
CD4_TCM-Lung_vs_LDLN_dn,COL8A2
CD4_TCM-Lung_vs_LDLN_dn,FPR1
CD4_TCM-Lung_vs_LDLN_dn,SLC11A1
CD4_TCM-Lung_vs_LDLN_dn,FCGR2A
CD4_TCM-Lung_vs_LDLN_dn,HLA-DRB5
CD4_TCM-Lung_vs_LDLN_dn,S100A11
CD4_TCM-Lung_vs_LDLN_dn,ST3GAL6
CD4_TCM-Lung_vs_LDLN_dn,SPIRE2
CD4_TCM-Lung_vs_LDLN_dn,CCL20
CD4_TCM-Lung_vs_LDLN_dn,PDGFC
CD4_TCM-Lung_vs_LDLN_dn,APOE
CD4_TCM-Lung_vs_LDLN_dn,ST14
CD4_TCM-Lung_vs_LDLN_dn,B3GNT5
CD4_TCM-Lung_vs_LDLN_dn,SERPING1
CD4_TCM-Lung_vs_LDLN_dn,FCER1G
CD4_TCM-Lung_vs_LDLN_dn,AOAH
CD4_TCM-Lung_vs_LDLN_dn,LGALS3
CD4_TCM-Lung_vs_LDLN_dn,SORT1
CD4_TCM-Lung_vs_LDLN_dn,CD33
CD4_TCM-Lung_vs_LDLN_dn,LPCAT2
CD4_TCM-Lung_vs_LDLN_dn,ZNF385A
CD4_TCM-Lung_vs_LDLN_dn,RAB31
CD4_TCM-Lung_vs_LDLN_dn,RTN1
CD4_TCM-Lung_vs_LDLN_dn,MCEMP1
CD4_TCM-Lung_vs_LDLN_dn,SLC8A1
CD4_TCM-Lung_vs_LDLN_dn,DSC2
CD4_TCM-Lung_vs_LDLN_dn,FCGR3A
CD4_TCM-Lung_vs_LDLN_dn,C5AR1
CD4_TCM-Lung_vs_LDLN_dn,TREM2
CD4_TCM-Lung_vs_LDLN_dn,HCK
CD4_TCM-Lung_vs_LDLN_dn,ADM
CD4_TCM-Lung_vs_LDLN_dn,MAFB
CD4_TCM-Lung_vs_LDLN_dn,SLCO2B1
CD4_TCM-Lung_vs_LDLN_dn,IFITM3
CD4_TCM-Lung_vs_LDLN_dn,C1QC
CD4_TCM-Lung_vs_LDLN_dn,VEGFA
CD4_TCM-Lung_vs_LDLN_dn,TNFSF13
CD4_TCM-Lung_vs_LDLN_dn,LYZ
CD4_TCM-Lung_vs_LDLN_dn,PILRA
CD4_TCM-Lung_vs_LDLN_dn,PCOLCE2
CD4_TCM-Lung_vs_LDLN_dn,SIRPA
CD4_TCM-Lung_vs_LDLN_dn,FCER1A
CD4_TCM-Lung_vs_LDLN_dn,MNDA
CD4_TCM-Lung_vs_LDLN_dn,ALDH2
CD4_TCM-Lung_vs_LDLN_dn,SERPINE1
CD4_TCM-Lung_vs_LDLN_dn,PLBD1
CD4_TCM-Lung_vs_LDLN_dn,ARHGAP18
CD4_TCM-Lung_vs_LDLN_dn,CD14
CD4_TCM-Lung_vs_LDLN_dn,GAA
CD4_TCM-Lung_vs_LDLN_dn,RNASE6
CD4_TCM-Lung_vs_LDLN_dn,FCGR2B
CD4_TCM-Lung_vs_LDLN_dn,CTSD
CD4_TCM-Lung_vs_LDLN_dn,PTAFR
CD4_TCM-Lung_vs_LDLN_dn,IGSF6
CD4_TCM-Lung_vs_LDLN_dn,BHLHE41
CD4_TCM-Lung_vs_LDLN_dn,MRC1
CD4_TCM-Lung_vs_LDLN_dn,DAB2
CD4_TCM-Lung_vs_LDLN_dn,CD163
CD4_TCM-Lung_vs_LDLN_dn,RBM47
CD4_TCM-Lung_vs_LDLN_dn,PDK4
CD4_TCM-Lung_vs_LDLN_dn,PLAUR
CD4_TCM-Lung_vs_LDLN_dn,NCF2
CD4_TCM-Lung_vs_LDLN_dn,EIF4EBP1
CD4_TCM-Lung_vs_LDLN_dn,CCL3L3
CD4_TCM-Lung_vs_LDLN_dn,MARCO
CD4_TCM-Lung_vs_LDLN_dn,PLXNB2
CD4_TCM-Lung_vs_LDLN_dn,DOK2
CD4_TCM-Lung_vs_LDLN_dn,TREM1
CD4_TCM-Lung_vs_LDLN_dn,CAPG
CD4_TCM-Lung_vs_LDLN_dn,ANPEP
CD4_TCM-Lung_vs_LDLN_dn,ALDH1A1
CD4_TCM-Lung_vs_LDLN_dn,C1QA
CD4_TCM-Lung_vs_LDLN_dn,GPD1
CD4_TCM-Lung_vs_LDLN_dn,DNAJB4
CD4_TCM-Lung_vs_LDLN_dn,GLIPR2
CD4_TCM-Lung_vs_LDLN_dn,HMOX1
CD4_TCM-Lung_vs_LDLN_dn,SYK
CD4_TCM-Lung_vs_LDLN_dn,QPCT
CD4_TCM-Lung_vs_LDLN_dn,C1QB
CD4_TCM-Lung_vs_LDLN_dn,ACP5
CD4_TCM-Lung_vs_LDLN_dn,CXCL2
CD4_TCM-Lung_vs_LDLN_dn,TYMP
CD4_TCM-Lung_vs_LDLN_dn,PMP22
CD4_TCM-Lung_vs_LDLN_dn,KCNK13
CD4_TCM-Lung_vs_LDLN_dn,DPYSL2
CD4_TCM-Lung_vs_LDLN_dn,MS4A4A
CD4_TCM-Lung_vs_LDLN_dn,FPR3
CD4_TCM-Lung_vs_LDLN_dn,SPI1
CD4_TCM-Lung_vs_LDLN_dn,CSTA
CD4_TCM-Lung_vs_LDLN_dn,SH3BP4
CD4_TCM-Lung_vs_LDLN_dn,C15orf52
CD4_TCM-Lung_vs_LDLN_dn,TGM2
CD4_TCM-Lung_vs_LDLN_dn,LGALS1
CD4_TCM-Lung_vs_LDLN_dn,CD9
CD4_TCM-Lung_vs_LDLN_dn,MGST1
CD4_TCM-Lung_vs_LDLN_dn,ANXA2
CD4_TCM-Lung_vs_LDLN_dn,CXCL8
CD4_TCM-Lung_vs_LDLN_dn,CD36
CD4_TCM-Lung_vs_LDLN_dn,MSR1
CD4_TCM-Lung_vs_LDLN_dn,SIGLEC1
CD4_TCM-Lung_vs_LDLN_dn,CDKN1A
CD4_TCM-Lung_vs_LDLN_dn,PSAP
CD4_TCM-Lung_vs_LDLN_dn,KMO
CD4_TCM-Lung_vs_LDLN_dn,FTL
CD4_TCM-Lung_vs_LDLN_dn,CPVL
CD4_TCM-Lung_vs_LDLN_dn,GSN
CD4_TCM-Lung_vs_LDLN_dn,GNLY
CD4_TCM-Lung_vs_LDLN_dn,RNF217
CD4_TCM-Lung_vs_LDLN_dn,TLR4
CD4_TCM-Lung_vs_LDLN_dn,CLEC4A
CD4_TCM-Lung_vs_LDLN_dn,CD74
CD4_TCM-Lung_vs_LDLN_dn,CPED1
CD4_TCM-Lung_vs_LDLN_dn,MPZL2
CD4_TCM-Lung_vs_LDLN_dn,AKR1C2
CD4_TCM-Lung_vs_LDLN_dn,GPX3
CD4_TCM-Lung_vs_LDLN_dn,AOC3
CD4_TCM-Lung_vs_LDLN_dn,HSP90AA1
CD4_TCM-Lung_vs_LDLN_dn,KCNE1
CD4_TCM-Lung_vs_LDLN_dn,HSPA8
CD4_TCM-Lung_vs_LDLN_dn,KYNU
CD4_TCM-Lung_vs_LDLN_dn,GPX1
CD4_TCM-Lung_vs_LDLN_dn,TFPI
CD4_TCM-Lung_vs_LDLN_dn,RAB32
CD4_TCM-Lung_vs_LDLN_dn,SERPINH1
CD4_TCM-Lung_vs_LDLN_dn,RHOC
CD4_TCM-Lung_vs_LDLN_dn,CD80
CD4_TCM-Lung_vs_LDLN_dn,RHOB
CD4_TCM-Lung_vs_LDLN_dn,PPARG
CD4_TCM-Lung_vs_LDLN_dn,RGS2
CD4_TCM-Lung_vs_LDLN_dn,GRINA
CD4_TCM-Lung_vs_LDLN_dn,HSD3B7
CD4_TCM-Lung_vs_LDLN_dn,FFAR4
CD4_TCM-Lung_vs_LDLN_dn,ALDH7A1
CD4_TCM-Lung_vs_LDLN_dn,DSE
CD4_TCM-Lung_vs_LDLN_dn,ASAH1
CD4_TCM-Lung_vs_LDLN_dn,LRRC25
CD4_TCM-Lung_vs_LDLN_dn,NDST1
CD4_TCM-Lung_vs_LDLN_dn,CTSB
CD4_TCM-Lung_vs_LDLN_dn,SLC31A1
CD4_TCM-Lung_vs_LDLN_dn,AXL
CD4_TCM-Lung_vs_LDLN_dn,IL1RN
CD4_TCM-Lung_vs_LDLN_dn,CST3
CD4_TCM-Lung_vs_LDLN_dn,PLAU
CD4_TCM-Lung_vs_LDLN_dn,MILR1
CD4_TCM-Lung_vs_LDLN_dn,MYO16
CD4_TCM-Lung_vs_LDLN_dn,SIGLEC7
CD4_TCM-Lung_vs_LDLN_dn,RETN
CD4_TCM-Lung_vs_LDLN_dn,ISG15
CD4_TCM-Lung_vs_LDLN_dn,HIST1H2BI
CD4_TCM-Lung_vs_LDLN_dn,CD86
CD4_TCM-Lung_vs_LDLN_dn,PTGS2
CD4_TCM-Lung_vs_LDLN_dn,FCGR1A
CD4_TCM-Lung_vs_LDLN_dn,SPARC
CD4_TCM-Lung_vs_LDLN_dn,RBP4
CD4_TCM-Lung_vs_LDLN_dn,SLC7A7
CD4_TCM-Lung_vs_LDLN_dn,S100A10
CD4_TCM-Lung_vs_LDLN_dn,UBC
CD4_TCM-Lung_vs_LDLN_dn,PRAM1
CD4_TCM-Lung_vs_LDLN_dn,NR4A1
CD4_TCM-Lung_vs_LDLN_dn,TMEM163
CD4_TCM-Lung_vs_LDLN_dn,ABCC3
CD4_TCM-Lung_vs_LDLN_dn,TMEM52B
CD4_TCM-Lung_vs_LDLN_dn,CARD9
CD4_TCM-Lung_vs_LDLN_dn,ITGAM
CD4_TCM-Lung_vs_LDLN_dn,MS4A6A
CD4_TCM-Lung_vs_LDLN_dn,AQP9
CD4_TCM-Lung_vs_LDLN_dn,MMP19
CD4_TCM-Lung_vs_LDLN_dn,SIGLEC14
CD4_TCM-Lung_vs_LDLN_dn,SPR
CD4_TCM-Lung_vs_LDLN_dn,FBP1
CD4_TCM-Lung_vs_LDLN_dn,SDC4
CD4_TCM-Lung_vs_LDLN_dn,GLUL
CD4_TEM-Lung_vs_LDLN_up,CXCR5
CD4_TEM-Lung_vs_LDLN_up,GCNT4
CD4_TEM-Lung_vs_LDLN_up,KIAA1683
CD4_TEM-Lung_vs_LDLN_up,F2RL2
CD4_TEM-Lung_vs_LDLN_up,KIF9
CD4_TEM-Lung_vs_LDLN_up,QSOX2
CD4_TEM-Lung_vs_LDLN_up,AXIN2
CD4_TEM-Lung_vs_LDLN_up,RASGRP2
CD4_TEM-Lung_vs_LDLN_up,HGNC:9982
CD4_TEM-Lung_vs_LDLN_up,DUS3L
CD4_TEM-Lung_vs_LDLN_up,THAP7
CD4_TEM-Lung_vs_LDLN_up,DDX39A
CD4_TEM-Lung_vs_LDLN_up,TXK
CD4_TEM-Lung_vs_LDLN_up,RIC3
CD4_TEM-Lung_vs_LDLN_up,NICN1
CD4_TEM-Lung_vs_LDLN_up,PHF12
CD4_TEM-Lung_vs_LDLN_up,FCRL1
CD4_TEM-Lung_vs_LDLN_up,GPA33
CD4_TEM-Lung_vs_LDLN_up,CORO7
CD4_TEM-Lung_vs_LDLN_up,CLK4
CD4_TEM-Lung_vs_LDLN_up,SEMA4D
CD4_TEM-Lung_vs_LDLN_up,SNRPA1
CD4_TEM-Lung_vs_LDLN_up,BCL9L
CD4_TEM-Lung_vs_LDLN_up,DNAAF2
CD4_TEM-Lung_vs_LDLN_up,YTHDF2
CD4_TEM-Lung_vs_LDLN_up,ATG9B
CD4_TEM-Lung_vs_LDLN_up,HIST4H4
CD4_TEM-Lung_vs_LDLN_up,C16orf54
CD4_TEM-Lung_vs_LDLN_up,ZAP70
CD4_TEM-Lung_vs_LDLN_up,RAPGEF6
CD4_TEM-Lung_vs_LDLN_up,U2AF2
CD4_TEM-Lung_vs_LDLN_up,FLT4
CD4_TEM-Lung_vs_LDLN_up,BCLAF1
CD4_TEM-Lung_vs_LDLN_up,KIAA0922
CD4_TEM-Lung_vs_LDLN_up,OSBP
CD4_TEM-Lung_vs_LDLN_up,MED9
CD4_TEM-Lung_vs_LDLN_up,DNAJB2
CD4_TEM-Lung_vs_LDLN_up,WDR86
CD4_TEM-Lung_vs_LDLN_dn,G0S2
CD4_TEM-Lung_vs_LDLN_dn,HSPB1
CD4_TEM-Lung_vs_LDLN_dn,HSPA6
CD4_TEM-Lung_vs_LDLN_dn,CCL20
CD4_TEM-Lung_vs_LDLN_dn,ADM
CD4_TEM-Lung_vs_LDLN_dn,DNAJB4
CD4_TEM-Lung_vs_LDLN_dn,CXCL2
CD4_TEM-Lung_vs_LDLN_dn,GPNMB
CD4_TEM-Lung_vs_LDLN_dn,CEBPD
CD4_TEM-Lung_vs_LDLN_dn,DNAJB1
CD4_TEM-Lung_vs_LDLN_dn,FCGR2A
CD4_TEM-Lung_vs_LDLN_dn,YWHAH
CD4_TEM-Lung_vs_LDLN_dn,HSP90AA1
CD4_TEM-Lung_vs_LDLN_dn,SPIRE2
CD4_TEM-Lung_vs_LDLN_dn,VEGFA
CD4_TEM-Lung_vs_LDLN_dn,NUPR1
CD4_TEM-Lung_vs_LDLN_dn,LGALS1
CD4_TEM-Lung_vs_LDLN_dn,CD9
CD4_TEM-Lung_vs_LDLN_dn,SLC11A1
CD4_TEM-Lung_vs_LDLN_dn,TREM1
CD4_TEM-Lung_vs_LDLN_dn,CLEC10A
CD4_TEM-Lung_vs_LDLN_dn,BAG3
CD4_TEM-Lung_vs_LDLN_dn,HSPA8
CD4_TEM-Lung_vs_LDLN_dn,CKS2
CD4_TEM-Lung_vs_LDLN_dn,FTL
CD4_TEM-Lung_vs_LDLN_dn,MYL12B
CD4_TEM-Lung_vs_LDLN_dn,CYP27A1
CD4_TEM-Lung_vs_LDLN_dn,B3GNT5
CD4_TEM-Lung_vs_LDLN_dn,CXCL3
CD4_TEM-Lung_vs_LDLN_dn,CXCL8
CD4_TEM-Lung_vs_LDLN_dn,RGS2
CD4_TEM-Lung_vs_LDLN_dn,CACYBP
CD4_TEM-Lung_vs_LDLN_dn,HSPE1
CD4_TEM-Lung_vs_LDLN_dn,STIP1
CD4_TEM-Lung_vs_LDLN_dn,CD63
CD4_TEM-Lung_vs_LDLN_dn,FCER1G
CD4_TEM-Lung_vs_LDLN_dn,CAPG
CD4_TEM-Lung_vs_LDLN_dn,ALDH2
CD4_TEM-Lung_vs_LDLN_dn,UBC
CD4_TEM-Lung_vs_LDLN_dn,MAFB
CD4_TEM-Lung_vs_LDLN_dn,HSP90AB1
CD4_TEM-Lung_vs_LDLN_dn,TXN
CD4_TEM-Lung_vs_LDLN_dn,LGALS3
CD4_TEM-Lung_vs_LDLN_dn,MARCO
CD4_TEM-Lung_vs_LDLN_dn,MCEMP1
CD4_TEM-Lung_vs_LDLN_dn,OLR1
CD4_TEM-Lung_vs_LDLN_dn,S100A10
CD4_TEM-Lung_vs_LDLN_dn,RHOA
CD4_TEM-Lung_vs_LDLN_dn,LYZ
CD4_TEM-Lung_vs_LDLN_dn,CLEC5A
CD4_TEM-Lung_vs_LDLN_dn,GPX1
CD4_TEM-Lung_vs_LDLN_dn,PDK4
CD4_TEM-Lung_vs_LDLN_dn,DOK2
CD4_TEM-Lung_vs_LDLN_dn,PLAUR
CD4_TEM-Lung_vs_LDLN_dn,ID2
CD4_TEM-Lung_vs_LDLN_dn,S100A6
CD4_TEM-Lung_vs_LDLN_dn,HLA-DRB5
CD4_TEM-Lung_vs_LDLN_dn,MNDA
CD4_TEM-Lung_vs_LDLN_dn,MS4A7
CD4_TEM-Lung_vs_LDLN_dn,ACP5
CD4_TEM-Lung_vs_LDLN_dn,GLUL
CD4_TEM-Lung_vs_LDLN_dn,FCGR3A
CD4_TEM-Lung_vs_LDLN_dn,TYROBP
CD4_TEM-Lung_vs_LDLN_dn,IL10
CD4_TEM-Lung_vs_LDLN_dn,UQCRB
CD4_TEM-Lung_vs_LDLN_dn,SPI1
CD4_TEM-Lung_vs_LDLN_dn,ARPC3
CD4_TEM-Lung_vs_LDLN_dn,HMOX1
CD4_TEM-Lung_vs_LDLN_dn,HIST1H3H
CD4_TEM-Lung_vs_LDLN_dn,FABP4
CD4_TEM-Lung_vs_LDLN_dn,SH3PXD2B
CD4_TEM-Lung_vs_LDLN_dn,CTSD
CD4_TEM-Lung_vs_LDLN_dn,ZNF385A
CD4_TEM-Lung_vs_LDLN_dn,S100A11
CD4_TEM-Lung_vs_LDLN_dn,CD14
CD4_TEM-Lung_vs_LDLN_dn,IL1RN
CD4_TEM-Lung_vs_LDLN_dn,APOC1
CD4_TEM-Lung_vs_LDLN_dn,S100A4
CD4_TEM-Lung_vs_LDLN_dn,ALOX5AP
CD4_TEM-Lung_vs_LDLN_dn,FGR
CD4_TEM-Lung_vs_LDLN_dn,FES
CD4_TEM-Lung_vs_LDLN_dn,TYMP
CD4_TEM-Lung_vs_LDLN_dn,SIRPA
CD4_TEM-Lung_vs_LDLN_dn,CMC2
CD4_TEM-Lung_vs_LDLN_dn,SERPINH1
CD4_TEM-Lung_vs_LDLN_dn,APOE
CD4_TEM-Lung_vs_LDLN_dn,PILRA
CD4_TEM-Lung_vs_LDLN_dn,S100A8
CD4_TEM-Lung_vs_LDLN_dn,ANXA2
CD4_TEM-Lung_vs_LDLN_dn,PLIN2
CD4_TEM-Lung_vs_LDLN_dn,C5AR1
CD4_TEM-Lung_vs_LDLN_dn,CD74
CD4_TEM-Lung_vs_LDLN_dn,COMMD7
CD4_TEM-Lung_vs_LDLN_dn,SDS
CD4_TEM-Lung_vs_LDLN_dn,IFI30
CD4_TEM-Lung_vs_LDLN_dn,SPP1
CD4_TEM-Lung_vs_LDLN_dn,CD1E
CD4_TEM-Lung_vs_LDLN_dn,FBP1
CD4_TEM-Lung_vs_LDLN_dn,RHOB
CD4_TEM-Lung_vs_LDLN_dn,UBB
CD4_TEM-Lung_vs_LDLN_dn,ENO1
CD4_TEM-Lung_vs_LDLN_dn,PLXDC2
CD4_TEM-Lung_vs_LDLN_dn,RGS16
CD4_TEM-Lung_vs_LDLN_dn,RAB31
CD4_TEM-Lung_vs_LDLN_dn,SIGLEC12
CD4_TEM-Lung_vs_LDLN_dn,ETS2
CD4_TEM-Lung_vs_LDLN_dn,RAB32
CD4_TEM-Lung_vs_LDLN_dn,MGST1
CD4_TEM-Lung_vs_LDLN_dn,CSTB
CD4_TEM-Lung_vs_LDLN_dn,IFITM3
CD4_TEM-Lung_vs_LDLN_dn,DSE
CD4_TEM-Lung_vs_LDLN_dn,RTN1
CD4_TEM-Lung_vs_LDLN_dn,GSTO1
CD4_TEM-Lung_vs_LDLN_dn,ATP5E
CD4_TEM-Lung_vs_LDLN_dn,AQP9
CD4_TEM-Lung_vs_LDLN_dn,PYCARD
CD4_TEM-Lung_vs_LDLN_dn,XCL1
CD4_TEM-Lung_vs_LDLN_dn,SFTPB
CD4_TEM-Lung_vs_LDLN_dn,H2AFY
CD4_TEM-Lung_vs_LDLN_dn,PHACTR1
CD4_TEM-Lung_vs_LDLN_dn,RAB13
CD4_TEM-Lung_vs_LDLN_dn,DDIT4
CD4_TEM-Lung_vs_LDLN_dn,PMP22
CD4_TEM-Lung_vs_LDLN_dn,FCGR2B
CD4_TEM-Lung_vs_LDLN_dn,PTAFR
CD4_TEM-Lung_vs_LDLN_dn,ADAP1
CD4_TEM-Lung_vs_LDLN_dn,GAPDH
CD4_TEM-Lung_vs_LDLN_dn,ATF3
CD4_TEM-Lung_vs_LDLN_dn,CSF3R
CD4_TEM-Lung_vs_LDLN_dn,THBD
CD4_TEM-Lung_vs_LDLN_dn,PTMS
CD4_TEM-Lung_vs_LDLN_dn,IFNG
CD4_TEM-Lung_vs_LDLN_dn,C1QC
CD4_TEM-Lung_vs_LDLN_dn,TMEM176B
CD4_TEM-Lung_vs_LDLN_dn,C15orf48
CD4_TEM-Lung_vs_LDLN_dn,TREM2
CD4_TEM-Lung_vs_LDLN_dn,HSPH1
CD4_TEM-Lung_vs_LDLN_dn,CAPZA2
CD4_TEM-Lung_vs_LDLN_dn,PCBP1
CD4_TEM-Lung_vs_LDLN_dn,OAZ1
CD4_TEM-Lung_vs_LDLN_dn,MS4A6A
CD4_TEM-Lung_vs_LDLN_dn,C1QA
CD4_TEM-Lung_vs_LDLN_dn,FCER1A
CD4_TEM-Lung_vs_LDLN_dn,ISG15
CD4_TEM-Lung_vs_LDLN_dn,GNG5
CD4_TEM-Lung_vs_LDLN_dn,PAK1
CD4_TEM-Lung_vs_LDLN_dn,SLC2A9
CD4_TEM-Lung_vs_LDLN_dn,TGFBI
CD4_TEM-Lung_vs_LDLN_dn,PSAP
CD4_TEM-Lung_vs_LDLN_dn,UGP2
CD4_TEM-Lung_vs_LDLN_dn,THBS1
CD4_TEM-Lung_vs_LDLN_dn,SLC4A11
CD4_TEM-Lung_vs_LDLN_dn,ANPEP
CD4_TEM-Lung_vs_LDLN_dn,CST3
CD4_TEM-Lung_vs_LDLN_dn,MS4A4A
CD4_TEM-Lung_vs_LDLN_dn,PRDX1
CD4_TEM-Lung_vs_LDLN_dn,GNPDA1
CD4_TEM-Lung_vs_LDLN_dn,VNN1
CD4_TEM-Lung_vs_LDLN_dn,CSTA
CD4_TEM-Lung_vs_LDLN_dn,ARL4D
CD4_TEM-Lung_vs_LDLN_dn,GSN
CD4_TEM-Lung_vs_LDLN_dn,DBI
CD4_TEM-Lung_vs_LDLN_dn,CSF2
CD4_TEM-Lung_vs_LDLN_dn,TNFSF9
CD4_TEM-Lung_vs_LDLN_dn,IGSF6
CD4_TEM-Lung_vs_LDLN_dn,NKG7
CD4_TEM-Lung_vs_LDLN_dn,ITGAX
CD4_TEM-Lung_vs_LDLN_dn,VAV2
CD4_TEM-Lung_vs_LDLN_dn,PAPSS2
CD4_TEM-Lung_vs_LDLN_dn,KYNU
CD4_TEM-Lung_vs_LDLN_dn,ANXA5
CD4_TEM-Lung_vs_LDLN_dn,BIRC3
CD4_TEM-Lung_vs_LDLN_dn,PALD1
CD4_TEM-Lung_vs_LDLN_dn,CCL2
CD4_TEM-Lung_vs_LDLN_dn,GZMB
CD4_TEM-Lung_vs_LDLN_dn,PPT1
CD4_TEM-Lung_vs_LDLN_dn,NR4A1
CD4_TEM-Lung_vs_LDLN_dn,RHOU
CD4_TEM-Lung_vs_LDLN_dn,CTSL
CD4_TEM-Lung_vs_LDLN_dn,NQO1
CD4_TEM-Lung_vs_LDLN_dn,SQRDL
CD4_TEM-Lung_vs_LDLN_dn,SNX3
CD4_TEM-Lung_vs_LDLN_dn,SCP2
CD4_TEM-Lung_vs_LDLN_dn,RNF130
CD4_TEM-Lung_vs_LDLN_dn,SDCBP
CD4_TEM-Lung_vs_LDLN_dn,TPM4
CD4_TEM-Lung_vs_LDLN_dn,TMEM176A
CD4_TEM-Lung_vs_LDLN_dn,PRAM1
CD4_TEM-Lung_vs_LDLN_dn,IL23R
CD4_TEM-Lung_vs_LDLN_dn,TXNDC12
CD4_TEM-Lung_vs_LDLN_dn,MYL12A
CD4_TEM-Lung_vs_LDLN_dn,LY75
CD4_TEM-Lung_vs_LDLN_dn,CTSB
CD4_TEM-Lung_vs_LDLN_dn,PFN1
CD4_TEM-Lung_vs_LDLN_dn,CXCL16
CD4_TEM-Lung_vs_LDLN_dn,ST13
CD4_TEM-Lung_vs_LDLN_dn,SH3BGRL3
CD4_TEM-Lung_vs_LDLN_dn,MSR1
CD4_TEM-Lung_vs_LDLN_dn,CD1D
CD4_TEM-Lung_vs_LDLN_dn,NPC2
CD4_TEM-Lung_vs_LDLN_dn,RAC1
CD4_TEM-Lung_vs_LDLN_dn,PVRL2
CD4_TEM-Lung_vs_LDLN_dn,COX6C
CD4_TEM-Lung_vs_LDLN_dn,PTGS2
CD4_TEM-Lung_vs_LDLN_dn,RAB20
CD4_TEM-Lung_vs_LDLN_dn,SERPING1
CD4_TEM-Lung_vs_LDLN_dn,NOP10
CD4_TEM-Lung_vs_LDLN_dn,ASAH1
CD4_TEM-Lung_vs_LDLN_dn,CDK2AP1
CD4_TEM-Lung_vs_LDLN_dn,CD163
CD4_TEM-Lung_vs_LDLN_dn,POMP
CD4_TEM-Lung_vs_LDLN_dn,CTSC
CD4_TEM-Lung_vs_LDLN_dn,IL17RB
CD4_TEM-Lung_vs_LDLN_dn,IL18
CD4_TEM-Lung_vs_LDLN_dn,ABCC3
CD4_TEM-Lung_vs_LDLN_dn,SDSL
CD4_TEM-Lung_vs_LDLN_dn,CALM2
CD4_TEM-Lung_vs_LDLN_dn,MGLL
CD4_TEM-Lung_vs_LDLN_dn,CLU
CD4_TEM-Lung_vs_LDLN_dn,COX6B1
CD4_TEM-Lung_vs_LDLN_dn,CCT4
CD4_TEM-Lung_vs_LDLN_dn,SRGAP1
CD4_TEM-Lung_vs_LDLN_dn,C1QB
CD4_TEM-Lung_vs_LDLN_dn,HCK
CD4_TEM-Lung_vs_LDLN_dn,NDUFB2
CD4_TEM-Lung_vs_LDLN_dn,TALDO1
CD4_TEM-Lung_vs_LDLN_dn,RHOC
CD4_TEM-Lung_vs_LDLN_dn,PLBD1
CD4_TEM-Lung_vs_LDLN_dn,DAD1
CD4_TEM-Lung_vs_LDLN_dn,ATP5J
CD4_TEM-Lung_vs_LDLN_dn,PPARG
CD4_TEM-Lung_vs_LDLN_dn,GRN
CD4_TEM-Lung_vs_LDLN_dn,C3AR1
CD4_TEM-Lung_vs_LDLN_dn,PAFAH1B3
CD4_TEM-Lung_vs_LDLN_dn,GADD45B
CD4_TEM-Lung_vs_LDLN_dn,MGST3
CD4_TEM-Lung_vs_LDLN_dn,QPCT
CD4_TEM-Lung_vs_LDLN_dn,SLC22A16
CD4_TEM-Lung_vs_LDLN_dn,ADORA3
CD4_TEM-Lung_vs_LDLN_dn,DUSP5
CD4_TEM-Lung_vs_LDLN_dn,FCGRT
CD4_TEM-Lung_vs_LDLN_dn,USMG5
CD4_TEM-Lung_vs_LDLN_dn,TM6SF1
CD4_TEM-Lung_vs_LDLN_dn,PDCL3
CD4_TEM-Lung_vs_LDLN_dn,TNFAIP2
CD4_TEM-Lung_vs_LDLN_dn,IDH1
CD4_TEM-Lung_vs_LDLN_dn,KIFC3
CD4_TEM-Lung_vs_LDLN_dn,COX17
CD4_TEM-Lung_vs_LDLN_dn,IRAK2
CD4_TEM-Lung_vs_LDLN_dn,HOMER3
CD4_TEM-Lung_vs_LDLN_dn,BCAS2
CD4_TEM-Lung_vs_LDLN_dn,MMP19
CD4_TEM-Lung_vs_LDLN_dn,CD86
CD4_TEM-Lung_vs_LDLN_dn,FAM20A
CD4_TEM-Lung_vs_LDLN_dn,FPR1
CD4_TEM-Lung_vs_LDLN_dn,TGM2
CD4_TEM-Lung_vs_LDLN_dn,ATP6V1F
CD4_TEM-Lung_vs_LDLN_dn,OCIAD2
CD4_TEM-Lung_vs_LDLN_dn,PECAM1
CD4_TEM-Lung_vs_LDLN_dn,BLVRB
CD4_TEM-Lung_vs_LDLN_dn,DUSP2
CD4_TEM-Lung_vs_LDLN_dn,IL1R2
CD4_TEM-Lung_vs_LDLN_dn,ST3GAL6
CD4_TEM-Lung_vs_LDLN_dn,CTSH
CD4_TEM-Lung_vs_LDLN_dn,ARPC5
CD4_TEM-Lung_vs_LDLN_dn,PLOD1
CD4_TEM-Lung_vs_LDLN_dn,MRPS6
CD4_TEM-Lung_vs_LDLN_dn,CD1C
CD4_TEM-Lung_vs_LDLN_dn,TNFRSF11A
CD4_TEM-Lung_vs_LDLN_dn,ST14
CD4_TEM-Lung_vs_LDLN_dn,TLR4
CD4_TEM-Lung_vs_LDLN_dn,CDKN2C
CD4_TEM-Lung_vs_LDLN_dn,SAMSN1
CD4_TEM-Lung_vs_LDLN_dn,TLR2
CD4_TEM-Lung_vs_LDLN_dn,BCL2A1
CD4_TRM-Lung_vs_LDLN_up,GNG4
CD4_TRM-Lung_vs_LDLN_up,CXCR5
CD4_TRM-Lung_vs_LDLN_up,CHGB
CD4_TRM-Lung_vs_LDLN_up,DTX1
CD4_TRM-Lung_vs_LDLN_up,CD200
CD4_TRM-Lung_vs_LDLN_up,FLT4
CD4_TRM-Lung_vs_LDLN_up,SGPP2
CD4_TRM-Lung_vs_LDLN_up,KSR2
CD4_TRM-Lung_vs_LDLN_up,TSHZ2
CD4_TRM-Lung_vs_LDLN_up,CNKSR3
CD4_TRM-Lung_vs_LDLN_up,HECW2
CD4_TRM-Lung_vs_LDLN_up,PARD3
CD4_TRM-Lung_vs_LDLN_up,SESN3
CD4_TRM-Lung_vs_LDLN_up,ICA1
CD4_TRM-Lung_vs_LDLN_up,ARG1
CD4_TRM-Lung_vs_LDLN_up,SH3RF3
CD4_TRM-Lung_vs_LDLN_up,SELP
CD4_TRM-Lung_vs_LDLN_up,GCNT4
CD4_TRM-Lung_vs_LDLN_up,RBMS3
CD4_TRM-Lung_vs_LDLN_up,CLNK
CD4_TRM-Lung_vs_LDLN_up,MAP7
CD4_TRM-Lung_vs_LDLN_up,SUSD4
CD4_TRM-Lung_vs_LDLN_up,FAM19A2
CD4_TRM-Lung_vs_LDLN_up,LMO7
CD4_TRM-Lung_vs_LDLN_up,PMCH
CD4_TRM-Lung_vs_LDLN_up,TNFSF11
CD4_TRM-Lung_vs_LDLN_up,CDCA7L
CD4_TRM-Lung_vs_LDLN_up,CDK14
CD4_TRM-Lung_vs_LDLN_up,DNAH8
CD4_TRM-Lung_vs_LDLN_up,COCH
CD4_TRM-Lung_vs_LDLN_up,TUBA3D
CD4_TRM-Lung_vs_LDLN_up,TOX2
CD4_TRM-Lung_vs_LDLN_up,FOSB
CD4_TRM-Lung_vs_LDLN_up,ANAPC2
CD4_TRM-Lung_vs_LDLN_up,ZNF689
CD4_TRM-Lung_vs_LDLN_up,EXOC8
CD4_TRM-Lung_vs_LDLN_up,LRIG1
CD4_TRM-Lung_vs_LDLN_up,CDK5R1
CD4_TRM-Lung_vs_LDLN_up,SELL
CD4_TRM-Lung_vs_LDLN_up,CRY2
CD4_TRM-Lung_vs_LDLN_up,CMTM8
CD4_TRM-Lung_vs_LDLN_up,FAM43A
CD4_TRM-Lung_vs_LDLN_up,CPNE2
CD4_TRM-Lung_vs_LDLN_up,CDO1
CD4_TRM-Lung_vs_LDLN_up,QSOX2
CD4_TRM-Lung_vs_LDLN_up,MAL
CD4_TRM-Lung_vs_LDLN_up,NEK3
CD4_TRM-Lung_vs_LDLN_up,BTBD11
CD4_TRM-Lung_vs_LDLN_up,STAM
CD4_TRM-Lung_vs_LDLN_up,MTBP
CD4_TRM-Lung_vs_LDLN_up,PTCD3
CD4_TRM-Lung_vs_LDLN_up,SOX6
CD4_TRM-Lung_vs_LDLN_up,IKZF4
CD4_TRM-Lung_vs_LDLN_up,MAGEF1
CD4_TRM-Lung_vs_LDLN_up,DFNA5
CD4_TRM-Lung_vs_LDLN_up,SRSF5
CD4_TRM-Lung_vs_LDLN_up,DBNDD1
CD4_TRM-Lung_vs_LDLN_up,PEX12
CD4_TRM-Lung_vs_LDLN_up,NBPF9
CD4_TRM-Lung_vs_LDLN_up,SPATA2
CD4_TRM-Lung_vs_LDLN_up,FGFR1
CD4_TRM-Lung_vs_LDLN_up,STAT2
CD4_TRM-Lung_vs_LDLN_up,ST6GALNAC3
CD4_TRM-Lung_vs_LDLN_up,ZKSCAN2
CD4_TRM-Lung_vs_LDLN_up,GEMIN4
CD4_TRM-Lung_vs_LDLN_up,PTPLA
CD4_TRM-Lung_vs_LDLN_up,IL6ST
CD4_TRM-Lung_vs_LDLN_up,KDM2A
CD4_TRM-Lung_vs_LDLN_up,ZNF460
CD4_TRM-Lung_vs_LDLN_up,LHFP
CD4_TRM-Lung_vs_LDLN_up,TIGIT
CD4_TRM-Lung_vs_LDLN_up,TPCN1
CD4_TRM-Lung_vs_LDLN_up,IL21R
CD4_TRM-Lung_vs_LDLN_up,CLDN5
CD4_TRM-Lung_vs_LDLN_up,ZNF675
CD4_TRM-Lung_vs_LDLN_up,GPAM
CD4_TRM-Lung_vs_LDLN_up,ANKRD55
CD4_TRM-Lung_vs_LDLN_up,EMC10
CD4_TRM-Lung_vs_LDLN_up,TXK
CD4_TRM-Lung_vs_LDLN_up,ZBTB10
CD4_TRM-Lung_vs_LDLN_up,TBC1D8
CD4_TRM-Lung_vs_LDLN_up,GPR19
CD4_TRM-Lung_vs_LDLN_up,CTB-133G6.1
CD4_TRM-Lung_vs_LDLN_up,KIF9
CD4_TRM-Lung_vs_LDLN_up,MROH1
CD4_TRM-Lung_vs_LDLN_up,FAIM3
CD4_TRM-Lung_vs_LDLN_up,MAP3K14
CD4_TRM-Lung_vs_LDLN_up,APP
CD4_TRM-Lung_vs_LDLN_up,ZNF540
CD4_TRM-Lung_vs_LDLN_up,ZNF597
CD4_TRM-Lung_vs_LDLN_up,CHST2
CD4_TRM-Lung_vs_LDLN_up,C22orf29
CD4_TRM-Lung_vs_LDLN_up,HDAC9
CD4_TRM-Lung_vs_LDLN_up,FAM118A
CD4_TRM-Lung_vs_LDLN_up,POLR1B
CD4_TRM-Lung_vs_LDLN_up,NLRP6
CD4_TRM-Lung_vs_LDLN_up,TRIM16
CD4_TRM-Lung_vs_LDLN_up,SLC7A1
CD4_TRM-Lung_vs_LDLN_up,IWS1
CD4_TRM-Lung_vs_LDLN_up,ZNF799
CD4_TRM-Lung_vs_LDLN_up,ZCCHC14
CD4_TRM-Lung_vs_LDLN_up,HYKK
CD4_TRM-Lung_vs_LDLN_up,MYEF2
CD4_TRM-Lung_vs_LDLN_up,TMEM55A
CD4_TRM-Lung_vs_LDLN_up,ANK1
CD4_TRM-Lung_vs_LDLN_up,POLR1C
CD4_TRM-Lung_vs_LDLN_up,CD27
CD4_TRM-Lung_vs_LDLN_up,CPA5
CD4_TRM-Lung_vs_LDLN_up,CD247
CD4_TRM-Lung_vs_LDLN_up,ZNF441
CD4_TRM-Lung_vs_LDLN_up,IST1
CD4_TRM-Lung_vs_LDLN_up,DPY19L3
CD4_TRM-Lung_vs_LDLN_up,VWDE
CD4_TRM-Lung_vs_LDLN_up,ANKRD42
CD4_TRM-Lung_vs_LDLN_up,WRB
CD4_TRM-Lung_vs_LDLN_up,RBM22
CD4_TRM-Lung_vs_LDLN_up,INPP5K
CD4_TRM-Lung_vs_LDLN_up,ARHGAP21
CD4_TRM-Lung_vs_LDLN_up,HPCAL4
CD4_TRM-Lung_vs_LDLN_up,SNAPC4
CD4_TRM-Lung_vs_LDLN_up,PIK3CA
CD4_TRM-Lung_vs_LDLN_up,MED23
CD4_TRM-Lung_vs_LDLN_up,KAT7
CD4_TRM-Lung_vs_LDLN_up,FANCD2
CD4_TRM-Lung_vs_LDLN_up,NPAS2
CD4_TRM-Lung_vs_LDLN_up,ANKRA2
CD4_TRM-Lung_vs_LDLN_up,DOPEY1
CD4_TRM-Lung_vs_LDLN_up,EPGN
CD4_TRM-Lung_vs_LDLN_up,SLC41A2
CD4_TRM-Lung_vs_LDLN_up,FAM134C
CD4_TRM-Lung_vs_LDLN_up,ANKZF1
CD4_TRM-Lung_vs_LDLN_up,DENND5A
CD4_TRM-Lung_vs_LDLN_up,FBLN7
CD4_TRM-Lung_vs_LDLN_up,GAS8
CD4_TRM-Lung_vs_LDLN_up,ZNF765
CD4_TRM-Lung_vs_LDLN_up,DDX28
CD4_TRM-Lung_vs_LDLN_up,TIAM1
CD4_TRM-Lung_vs_LDLN_up,NAT9
CD4_TRM-Lung_vs_LDLN_up,SIDT1
CD4_TRM-Lung_vs_LDLN_up,ZDBF2
CD4_TRM-Lung_vs_LDLN_up,ZNF473
CD4_TRM-Lung_vs_LDLN_up,NFRKB
CD4_TRM-Lung_vs_LDLN_up,ADTRP
CD4_TRM-Lung_vs_LDLN_up,RIC3
CD4_TRM-Lung_vs_LDLN_up,LRMP
CD4_TRM-Lung_vs_LDLN_up,RAB37
CD4_TRM-Lung_vs_LDLN_up,LETM2
CD4_TRM-Lung_vs_LDLN_up,C6orf120
CD4_TRM-Lung_vs_LDLN_up,TOE1
CD4_TRM-Lung_vs_LDLN_up,ADPRHL2
CD4_TRM-Lung_vs_LDLN_up,UMPS
CD4_TRM-Lung_vs_LDLN_up,RHOV
CD4_TRM-Lung_vs_LDLN_up,ATXN7L3B
CD4_TRM-Lung_vs_LDLN_up,TRMT5
CD4_TRM-Lung_vs_LDLN_up,CCDC157
CD4_TRM-Lung_vs_LDLN_up,NBPF15
CD4_TRM-Lung_vs_LDLN_up,NECAP2
CD4_TRM-Lung_vs_LDLN_up,NUP210
CD4_TRM-Lung_vs_LDLN_up,ZMIZ2
CD4_TRM-Lung_vs_LDLN_up,XPNPEP3
CD4_TRM-Lung_vs_LDLN_up,IRF4
CD4_TRM-Lung_vs_LDLN_up,LRRC8B
CD4_TRM-Lung_vs_LDLN_up,EPC1
CD4_TRM-Lung_vs_LDLN_up,MTA2
CD4_TRM-Lung_vs_LDLN_up,SFXN2
CD4_TRM-Lung_vs_LDLN_up,TP53BP1
CD4_TRM-Lung_vs_LDLN_dn,GZMB
CD4_TRM-Lung_vs_LDLN_dn,CAPG
CD4_TRM-Lung_vs_LDLN_dn,CCL20
CD4_TRM-Lung_vs_LDLN_dn,HOPX
CD4_TRM-Lung_vs_LDLN_dn,LGALS1
CD4_TRM-Lung_vs_LDLN_dn,HSPB1
CD4_TRM-Lung_vs_LDLN_dn,S100A6
CD4_TRM-Lung_vs_LDLN_dn,CEBPD
CD4_TRM-Lung_vs_LDLN_dn,DNAJB1
CD4_TRM-Lung_vs_LDLN_dn,OLR1
CD4_TRM-Lung_vs_LDLN_dn,ANXA2
CD4_TRM-Lung_vs_LDLN_dn,HSPA6
CD4_TRM-Lung_vs_LDLN_dn,UBC
CD4_TRM-Lung_vs_LDLN_dn,HSP90AA1
CD4_TRM-Lung_vs_LDLN_dn,S100A4
CD4_TRM-Lung_vs_LDLN_dn,G0S2
CD4_TRM-Lung_vs_LDLN_dn,SPIRE2
CD4_TRM-Lung_vs_LDLN_dn,VLDLR
CD4_TRM-Lung_vs_LDLN_dn,SERPINH1
CD4_TRM-Lung_vs_LDLN_dn,HSPA8
CD4_TRM-Lung_vs_LDLN_dn,DOK2
CD4_TRM-Lung_vs_LDLN_dn,LGALS3
CD4_TRM-Lung_vs_LDLN_dn,GZMA
CD4_TRM-Lung_vs_LDLN_dn,PLAUR
CD4_TRM-Lung_vs_LDLN_dn,S100A10
CD4_TRM-Lung_vs_LDLN_dn,DNAJB4
CD4_TRM-Lung_vs_LDLN_dn,CSF2
CD4_TRM-Lung_vs_LDLN_dn,FABP4
CD4_TRM-Lung_vs_LDLN_dn,ADM
CD4_TRM-Lung_vs_LDLN_dn,GAS2L1
CD4_TRM-Lung_vs_LDLN_dn,CKS2
CD4_TRM-Lung_vs_LDLN_dn,SFTPB
CD4_TRM-Lung_vs_LDLN_dn,UBB
CD4_TRM-Lung_vs_LDLN_dn,RGS16
CD4_TRM-Lung_vs_LDLN_dn,NUPR1
CD4_TRM-Lung_vs_LDLN_dn,SPIRE1
CD4_TRM-Lung_vs_LDLN_dn,CD63
CD4_TRM-Lung_vs_LDLN_dn,BAG3
CD4_TRM-Lung_vs_LDLN_dn,GLUL
CD4_TRM-Lung_vs_LDLN_dn,FCGR2A
CD4_TRM-Lung_vs_LDLN_dn,FTL
CD4_TRM-Lung_vs_LDLN_dn,ZFAND2A
CD4_TRM-Lung_vs_LDLN_dn,YWHAH
CD4_TRM-Lung_vs_LDLN_dn,PGLYRP2
CD4_TRM-Lung_vs_LDLN_dn,CXCL2
CD4_TRM-Lung_vs_LDLN_dn,TYROBP
CD4_TRM-Lung_vs_LDLN_dn,ALDH2
CD4_TRM-Lung_vs_LDLN_dn,GPNMB
CD4_TRM-Lung_vs_LDLN_dn,HSP90AB1
CD4_TRM-Lung_vs_LDLN_dn,MSC
CD4_TRM-Lung_vs_LDLN_dn,FPR1
CD4_TRM-Lung_vs_LDLN_dn,RGS9
CD4_TRM-Lung_vs_LDLN_dn,PLIN2
CD4_TRM-Lung_vs_LDLN_dn,HSPE1
CD4_TRM-Lung_vs_LDLN_dn,C5AR1
CD4_TRM-Lung_vs_LDLN_dn,CXCL3
CD4_TRM-Lung_vs_LDLN_dn,OSM
CD4_TRM-Lung_vs_LDLN_dn,CLEC7A
CD4_TRM-Lung_vs_LDLN_dn,PCBP1
CD4_TRM-Lung_vs_LDLN_dn,MARCO
CD4_TRM-Lung_vs_LDLN_dn,VAMP8
CD4_TRM-Lung_vs_LDLN_dn,SFTPC
CD4_TRM-Lung_vs_LDLN_dn,CACYBP
CD4_TRM-Lung_vs_LDLN_dn,MCEMP1
CD4_TRM-Lung_vs_LDLN_dn,FCER1G
CD4_TRM-Lung_vs_LDLN_dn,MS4A7
CD4_TRM-Lung_vs_LDLN_dn,APOBEC3G
CD4_TRM-Lung_vs_LDLN_dn,APOE
CD4_TRM-Lung_vs_LDLN_dn,LYZ
CD4_TRM-Lung_vs_LDLN_dn,ISG15
CD4_TRM-Lung_vs_LDLN_dn,LCP1
CD4_TRM-Lung_vs_LDLN_dn,CEP112
CD4_TRM-Lung_vs_LDLN_dn,IL10
CD4_TRM-Lung_vs_LDLN_dn,SAMD3
CD4_TRM-Lung_vs_LDLN_dn,CTSD
CD4_TRM-Lung_vs_LDLN_dn,SLCO2B1
CD4_TRM-Lung_vs_LDLN_dn,TREM1
CD4_TRM-Lung_vs_LDLN_dn,XCL2
CD4_TRM-Lung_vs_LDLN_dn,COL5A1
CD4_TRM-Lung_vs_LDLN_dn,FCGR3A
CD4_TRM-Lung_vs_LDLN_dn,SERPINE1
CD4_TRM-Lung_vs_LDLN_dn,GLIPR2
CD4_TRM-Lung_vs_LDLN_dn,GNA15
CD4_TRM-Lung_vs_LDLN_dn,HCK
CD4_TRM-Lung_vs_LDLN_dn,SH3BGRL3
CD4_TRM-Lung_vs_LDLN_dn,CDKN2D
CD4_TRM-Lung_vs_LDLN_dn,S100A11
CD4_TRM-Lung_vs_LDLN_dn,DUSP5
CD4_TRM-Lung_vs_LDLN_dn,FAR2
CD4_TRM-Lung_vs_LDLN_dn,APOC1
CD4_TRM-Lung_vs_LDLN_dn,SPARC
CD4_TRM-Lung_vs_LDLN_dn,RAB31
CD4_TRM-Lung_vs_LDLN_dn,SOCS2
CD4_TRM-Lung_vs_LDLN_dn,MSR1
CD4_TRM-Lung_vs_LDLN_dn,DDIT4
CD4_TRM-Lung_vs_LDLN_dn,IL17A
CD4_TRM-Lung_vs_LDLN_dn,CXCL8
CD4_TRM-Lung_vs_LDLN_dn,HIST1H2AI
CD4_TRM-Lung_vs_LDLN_dn,JAKMIP2
CD4_TRM-Lung_vs_LDLN_dn,QPCT
CD4_TRM-Lung_vs_LDLN_dn,IFNG
CD4_TRM-Lung_vs_LDLN_dn,CLU
CD4_TRM-Lung_vs_LDLN_dn,S100A9
CD4_TRM-Lung_vs_LDLN_dn,SERPING1
CD4_TRM-Lung_vs_LDLN_dn,CCDC107
CD4_TRM-Lung_vs_LDLN_dn,HLA-DRB5
CD4_TRM-Lung_vs_LDLN_dn,MYL12B
CD4_TRM-Lung_vs_LDLN_dn,CD52
CD4_TRM-Lung_vs_LDLN_dn,ID2
CD4_TRM-Lung_vs_LDLN_dn,CXCL5
CD4_TRM-Lung_vs_LDLN_dn,IFITM3
CD4_TRM-Lung_vs_LDLN_dn,CTSH
CD4_TRM-Lung_vs_LDLN_dn,IL1B
CD4_TRM-Lung_vs_LDLN_dn,S100A8
CD4_TRM-Lung_vs_LDLN_dn,MGST1
CD4_TRM-Lung_vs_LDLN_dn,RGS2
CD4_TRM-Lung_vs_LDLN_dn,PLAU
CD4_TRM-Lung_vs_LDLN_dn,GZMH
CD4_TRM-Lung_vs_LDLN_dn,LDLRAD3
CD4_TRM-Lung_vs_LDLN_dn,NKG7
CD4_TRM-Lung_vs_LDLN_dn,MATK
CD4_TRM-Lung_vs_LDLN_dn,ALOX15B
CD4_TRM-Lung_vs_LDLN_dn,CCDC85B
CD4_TRM-Lung_vs_LDLN_dn,SLC11A1
CD4_TRM-Lung_vs_LDLN_dn,VSIG10L
CD4_TRM-Lung_vs_LDLN_dn,TPM4
CD4_TRM-Lung_vs_LDLN_dn,DAPK2
CD4_TRM-Lung_vs_LDLN_dn,XCL1
CD4_TRM-Lung_vs_LDLN_dn,C1QB
CD4_TRM-Lung_vs_LDLN_dn,RAB4A
CD4_TRM-Lung_vs_LDLN_dn,CDKN1A
CD4_TRM-Lung_vs_LDLN_dn,TXN
CD4_TRM-Lung_vs_LDLN_dn,SFTPA1
CD4_TRM-Lung_vs_LDLN_dn,PRAM1
CD4_TRM-Lung_vs_LDLN_dn,C9orf142
CD4_TRM-Lung_vs_LDLN_dn,PPARG
CD4_TRM-Lung_vs_LDLN_dn,CYP27A1
CD4_TRM-Lung_vs_LDLN_dn,PPP3CA
CD4_TRM-Lung_vs_LDLN_dn,CA2
CD4_TRM-Lung_vs_LDLN_dn,PLXDC2
CD4_TRM-Lung_vs_LDLN_dn,DRAP1
CD4_TRM-Lung_vs_LDLN_dn,NR4A1
CD4_TRM-Lung_vs_LDLN_dn,TNFSF14
CD4_TRM-Lung_vs_LDLN_dn,CLEC12A
CD4_TRM-Lung_vs_LDLN_dn,GPX1
CD4_TRM-Lung_vs_LDLN_dn,VEGFA
CD4_TRM-Lung_vs_LDLN_dn,ACOXL
CD4_TRM-Lung_vs_LDLN_dn,ROGDI
CD4_TRM-Lung_vs_LDLN_dn,F2R
CD4_TRM-Lung_vs_LDLN_dn,CD74
CD4_TRM-Lung_vs_LDLN_dn,ACTRT3
CD4_TRM-Lung_vs_LDLN_dn,DNAJA4
CD4_TRM-Lung_vs_LDLN_dn,GSTP1
CD4_TRM-Lung_vs_LDLN_dn,LOXL1
CD4_TRM-Lung_vs_LDLN_dn,GNLY
CD4_TRM-Lung_vs_LDLN_dn,SDC2
CD4_TRM-Lung_vs_LDLN_dn,MYO1F
CD4_TRM-Lung_vs_LDLN_dn,C1QA
CD4_TRM-Lung_vs_LDLN_dn,SIGLEC10
CD4_TRM-Lung_vs_LDLN_dn,CCDC65
CD4_TRM-Lung_vs_LDLN_dn,PGC
CD4_TRM-Lung_vs_LDLN_dn,GPR25
CD4_TRM-Lung_vs_LDLN_dn,IL1RN
CD4_TRM-Lung_vs_LDLN_dn,SPI1
CD4_TRM-Lung_vs_LDLN_dn,PLBD1
CD4_TRM-Lung_vs_LDLN_dn,MRPL18
CD4_TRM-Lung_vs_LDLN_dn,HBEGF
CD4_TRM-Lung_vs_LDLN_dn,PDK4
CD4_TRM-Lung_vs_LDLN_dn,TGFB1
CD4_TRM-Lung_vs_LDLN_dn,SERINC2
CD4_TRM-Lung_vs_LDLN_dn,MB21D1
CD4_TRM-Lung_vs_LDLN_dn,SAP30
CD4_TRM-Lung_vs_LDLN_dn,ITGAM
CD4_TRM-Lung_vs_LDLN_dn,RGS19
CD4_TRM-Lung_vs_LDLN_dn,KYNU
CD4_TRM-Lung_vs_LDLN_dn,ARHGAP18
CD4_TRM-Lung_vs_LDLN_dn,GALNT6
CD4_TRM-Lung_vs_LDLN_dn,FCGR1A
CD4_TRM-Lung_vs_LDLN_dn,CSTA
CD4_TRM-Lung_vs_LDLN_dn,YPEL1
CD4_TRM-Lung_vs_LDLN_dn,SFTPA2
CD4_TRM-Lung_vs_LDLN_dn,FAM101B
CD4_TRM-Lung_vs_LDLN_dn,GADD45B
CD4_TRM-Lung_vs_LDLN_dn,MPZL2
CD4_TRM-Lung_vs_LDLN_dn,STX3
CD4_TRM-Lung_vs_LDLN_dn,FN1
CD4_TRM-Lung_vs_LDLN_dn,CLEC4E
CD4_TRM-Lung_vs_LDLN_dn,DUSP4
CD4_TRM-Lung_vs_LDLN_dn,ATF3
CD4_TRM-Lung_vs_LDLN_dn,CD9
CD4_TRM-Lung_vs_LDLN_dn,HIST1H2BH
CD4_TRM-Lung_vs_LDLN_dn,PTMS
CD4_TRM-Lung_vs_LDLN_dn,B4GALT2
CD4_TRM-Lung_vs_LDLN_dn,ALPL
CD4_TRM-Lung_vs_LDLN_dn,C3AR1
CD4_TRM-Lung_vs_LDLN_dn,MXD1
CD4_TRM-Lung_vs_LDLN_dn,C1QC
CD4_TRM-Lung_vs_LDLN_dn,GSN
CD4_TRM-Lung_vs_LDLN_dn,RAB13
CD4_TRM-Lung_vs_LDLN_dn,MNDA
CD4_TRM-Lung_vs_LDLN_dn,ALOX5AP
CD4_TRM-Lung_vs_LDLN_dn,SLC7A7
CD4_TRM-Lung_vs_LDLN_dn,TRGV10
CD4_TRM-Lung_vs_LDLN_dn,ITGAE
CD4_TRM-Lung_vs_LDLN_dn,TFPI
CD4_TRM-Lung_vs_LDLN_dn,VCAN
CD4_TRM-Lung_vs_LDLN_dn,ZYX
CD4_TRM-Lung_vs_LDLN_dn,GPX3
CD4_TRM-Lung_vs_LDLN_dn,HTRA1
CD4_TRM-Lung_vs_LDLN_dn,MYBL1
CD4_TRM-Lung_vs_LDLN_dn,DUSP2
CD4_TRM-Lung_vs_LDLN_dn,HSPD1
CD4_TRM-Lung_vs_LDLN_dn,JAKMIP1
CD4_TRM-Lung_vs_LDLN_dn,EIF4EBP1
CD4_TRM-Lung_vs_LDLN_dn,ARL4D
CD4_TRM-Lung_vs_LDLN_dn,THBD
CD4_TRM-Lung_vs_LDLN_dn,MUC1
CD4_TRM-Lung_vs_LDLN_dn,CYP4B1
CD4_TRM-Lung_vs_LDLN_dn,RTN1
CD4_TRM-Lung_vs_LDLN_dn,CSF3R
CD4_TRM-Lung_vs_LDLN_dn,LTK
CD4_TRM-Lung_vs_LDLN_dn,SGMS2
CD8_TEM-Lung_vs_LDLN_up,ZNF460
CD8_TEM-Lung_vs_LDLN_up,MAP9
CD8_TEM-Lung_vs_LDLN_up,ZNF669
CD8_TEM-Lung_vs_LDLN_up,IKBKAP
CD8_TEM-Lung_vs_LDLN_up,TRBV7-4
CD8_TEM-Lung_vs_LDLN_up,GNL3
CD8_TEM-Lung_vs_LDLN_up,ZNF845
CD8_TEM-Lung_vs_LDLN_up,PARK2
CD8_TEM-Lung_vs_LDLN_up,MAPK8
CD8_TEM-Lung_vs_LDLN_up,ZNF107
CD8_TEM-Lung_vs_LDLN_up,ESPL1
CD8_TEM-Lung_vs_LDLN_up,ANKRD12
CD8_TEM-Lung_vs_LDLN_up,INTS2
CD8_TEM-Lung_vs_LDLN_up,DIABLO
CD8_TEM-Lung_vs_LDLN_up,ANKAR
CD8_TEM-Lung_vs_LDLN_up,FCGBP
CD8_TEM-Lung_vs_LDLN_up,CKAP4
CD8_TEM-Lung_vs_LDLN_up,SRSF5
CD8_TEM-Lung_vs_LDLN_up,SLC25A45
CD8_TEM-Lung_vs_LDLN_up,NDUFB8
CD8_TEM-Lung_vs_LDLN_dn,CEBPD
CD8_TEM-Lung_vs_LDLN_dn,HSPB1
CD8_TEM-Lung_vs_LDLN_dn,SPIRE2
CD8_TEM-Lung_vs_LDLN_dn,PACRGL
CD8_TEM-Lung_vs_LDLN_dn,HSPA6
CD8_TEM-Lung_vs_LDLN_dn,MARCO
CD8_TEM-Lung_vs_LDLN_dn,PTMS
CD8_TEM-Lung_vs_LDLN_dn,APOE
CD8_TEM-Lung_vs_LDLN_dn,NUPR1
CD8_TEM-Lung_vs_LDLN_dn,SFTPB
CD8_TEM-Lung_vs_LDLN_dn,GZMB
CD8_TEM-Lung_vs_LDLN_dn,CYP27A1
CD8_TEM-Lung_vs_LDLN_dn,DEPDC1
CD8_TEM-Lung_vs_LDLN_dn,EPCAM
CD8_TEM-Lung_vs_LDLN_dn,PGLYRP2
CD8_TEM-Lung_vs_LDLN_dn,ADM
CD8_TEM-Lung_vs_LDLN_dn,SOX13
CD8_TEM-Lung_vs_LDLN_dn,C1QA
CD8_TEM-Lung_vs_LDLN_dn,MYO10
CD8_TEM-Lung_vs_LDLN_dn,GPX3
CD8_TEM-Lung_vs_LDLN_dn,TYROBP
CD8_TEM-Lung_vs_LDLN_dn,GPNMB
CD8_TEM-Lung_vs_LDLN_dn,SERPING1
CD8_TEM-Lung_vs_LDLN_dn,CTSB
CD8_TEM-Lung_vs_LDLN_dn,DOK2
CD8_TEM-Lung_vs_LDLN_dn,YWHAH
CD8_TEM-Lung_vs_LDLN_dn,SLC11A1
CD8_TEM-Lung_vs_LDLN_dn,IGFBP2
CD8_TEM-Lung_vs_LDLN_dn,CTSL
CD8_TEM-Lung_vs_LDLN_dn,SERPINH1
CD8_TEM-Lung_vs_LDLN_dn,ALDH2
CD8_TEM-Lung_vs_LDLN_dn,SMAD9
CD8_TEM-Lung_vs_LDLN_dn,CCL20
CD8_TEM-Lung_vs_LDLN_dn,C1QC
CD8_TEM-Lung_vs_LDLN_dn,GALNT3
CD8_TEM-Lung_vs_LDLN_dn,DNAJB1
CD8_TEM-Lung_vs_LDLN_dn,APOC1
CD8_TEM-Lung_vs_LDLN_dn,IFITM3
CD8_TEM-Lung_vs_LDLN_dn,C1QB
CD8_TEM-Lung_vs_LDLN_dn,SARDH
CD8_TEM-Lung_vs_LDLN_dn,FCER1G
CD8_TEM-Lung_vs_LDLN_dn,DEDD2
CD8_TEM-Lung_vs_LDLN_dn,LYZ
CD8_TEM-Lung_vs_LDLN_dn,TSC22D1
CD8_TEM-Lung_vs_LDLN_dn,ITGAE
CD8_TEM-Lung_vs_LDLN_dn,FABP4
CD8_TEM-Lung_vs_LDLN_dn,LGALS3
CD8_TEM-Lung_vs_LDLN_dn,STXBP2
CD8_TEM-Lung_vs_LDLN_dn,CLDN4
CD8_TEM-Lung_vs_LDLN_dn,SCIN
CD8_TEM-Lung_vs_LDLN_dn,ITGAM
CD8_TEM-Lung_vs_LDLN_dn,GZMH
CD8_TEM-Lung_vs_LDLN_dn,COPZ1
CD8_TEM-Lung_vs_LDLN_dn,CTSD
CD8_TEM-Lung_vs_LDLN_dn,GLUL
CD8_TEM-Lung_vs_LDLN_dn,CLDN3
CD8_TEM-Lung_vs_LDLN_dn,FAM107A
CD8_TEM-Lung_vs_LDLN_dn,CSF1
CD8_TEM-Lung_vs_LDLN_dn,LEAP2
CD8_TEM-Lung_vs_LDLN_dn,FCGR3A
CD8_TEM-Lung_vs_LDLN_dn,STYK1
CD8_TEM-Lung_vs_LDLN_dn,OSBPL7
CD8_TEM-Lung_vs_LDLN_dn,ACP5
CD8_TEM-Lung_vs_LDLN_dn,HMOX1
CD8_TEM-Lung_vs_LDLN_dn,PRF1
CD8_TEM-Lung_vs_LDLN_dn,SDCBP2
CD8_TEM-Lung_vs_LDLN_dn,VWA3A
CD8_TEM-Lung_vs_LDLN_dn,GFI1
CD8_TEM-Lung_vs_LDLN_dn,RHOC
CD8_TEM-Lung_vs_LDLN_dn,FAM64A
CD8_TEM-Lung_vs_LDLN_dn,C5AR1
CD8_TEM-Lung_vs_LDLN_dn,PLD3
CD8_TEM-Lung_vs_LDLN_dn,CASP10
CD8_TEM-Lung_vs_LDLN_dn,ECH1
CD8_TEM-Lung_vs_LDLN_dn,HSPA8
CD8_TEM-Lung_vs_LDLN_dn,TRAV26-1
CD8_TEM-Lung_vs_LDLN_dn,DUSP4
CD8_TEM-Lung_vs_LDLN_dn,GLIPR2
CD8_TEM-Lung_vs_LDLN_dn,LGALS1
CD8_TEM-Lung_vs_LDLN_dn,TREM2
CD8_TEM-Lung_vs_LDLN_dn,EMP2
CD8_TEM-Lung_vs_LDLN_dn,CD34
CD8_TEM-Lung_vs_LDLN_dn,GPR56
CD8_TEM-Lung_vs_LDLN_dn,RABAC1
CD8_TRM-Lung_vs_LDLN_up,SRSF5
CD8_TRM-Lung_vs_LDLN_up,MAL
CD8_TRM-Lung_vs_LDLN_up,SELL
CD8_TRM-Lung_vs_LDLN_up,CCR7
CD8_TRM-Lung_vs_LDLN_up,MARCKSL1
CD8_TRM-Lung_vs_LDLN_up,MED17
CD8_TRM-Lung_vs_LDLN_up,EPC1
CD8_TRM-Lung_vs_LDLN_up,FAIM3
CD8_TRM-Lung_vs_LDLN_up,RMND5A
CD8_TRM-Lung_vs_LDLN_up,ATXN7
CD8_TRM-Lung_vs_LDLN_up,SNURF
CD8_TRM-Lung_vs_LDLN_up,CGRRF1
CD8_TRM-Lung_vs_LDLN_up,CAPRIN2
CD8_TRM-Lung_vs_LDLN_up,CHD2
CD8_TRM-Lung_vs_LDLN_up,FOSB
CD8_TRM-Lung_vs_LDLN_up,ELF2
CD8_TRM-Lung_vs_LDLN_up,FUS
CD8_TRM-Lung_vs_LDLN_up,TOE1
CD8_TRM-Lung_vs_LDLN_up,ACACB
CD8_TRM-Lung_vs_LDLN_up,GON4L
CD8_TRM-Lung_vs_LDLN_up,PMAIP1
CD8_TRM-Lung_vs_LDLN_up,DUSP16
CD8_TRM-Lung_vs_LDLN_up,TCEB3
CD8_TRM-Lung_vs_LDLN_up,POLR1C
CD8_TRM-Lung_vs_LDLN_up,BRMS1L
CD8_TRM-Lung_vs_LDLN_up,U2AF1
CD8_TRM-Lung_vs_LDLN_up,LMNB2
CD8_TRM-Lung_vs_LDLN_up,ZNF350
CD8_TRM-Lung_vs_LDLN_up,BCLAF1
CD8_TRM-Lung_vs_LDLN_up,KTI12
CD8_TRM-Lung_vs_LDLN_up,SRSF1
CD8_TRM-Lung_vs_LDLN_up,WDR74
CD8_TRM-Lung_vs_LDLN_up,ANKRD36B
CD8_TRM-Lung_vs_LDLN_up,DTX1
CD8_TRM-Lung_vs_LDLN_up,AGAP4
CD8_TRM-Lung_vs_LDLN_up,CWC22
CD8_TRM-Lung_vs_LDLN_up,CCNL1
CD8_TRM-Lung_vs_LDLN_up,CACNA1C
CD8_TRM-Lung_vs_LDLN_up,TCP11L2
CD8_TRM-Lung_vs_LDLN_up,RNF41
CD8_TRM-Lung_vs_LDLN_up,PSIP1
CD8_TRM-Lung_vs_LDLN_up,KLRK1
CD8_TRM-Lung_vs_LDLN_up,ZNF92
CD8_TRM-Lung_vs_LDLN_up,DGKA
CD8_TRM-Lung_vs_LDLN_up,RRP12
CD8_TRM-Lung_vs_LDLN_up,MBNL1
CD8_TRM-Lung_vs_LDLN_up,FAM76B
CD8_TRM-Lung_vs_LDLN_up,KLF2
CD8_TRM-Lung_vs_LDLN_up,FAM53C
CD8_TRM-Lung_vs_LDLN_up,TAF4B
CD8_TRM-Lung_vs_LDLN_up,KHNYN
CD8_TRM-Lung_vs_LDLN_up,NCL
CD8_TRM-Lung_vs_LDLN_up,COA1
CD8_TRM-Lung_vs_LDLN_up,CHD1
CD8_TRM-Lung_vs_LDLN_up,PAFAH1B1
CD8_TRM-Lung_vs_LDLN_up,PHOSPHO2
CD8_TRM-Lung_vs_LDLN_up,TBC1D4
CD8_TRM-Lung_vs_LDLN_up,RBM48
CD8_TRM-Lung_vs_LDLN_up,RIT1
CD8_TRM-Lung_vs_LDLN_up,HNRNPH1
CD8_TRM-Lung_vs_LDLN_up,PLEKHA3
CD8_TRM-Lung_vs_LDLN_up,NT5E
CD8_TRM-Lung_vs_LDLN_up,TUBG2
CD8_TRM-Lung_vs_LDLN_up,DIDO1
CD8_TRM-Lung_vs_LDLN_up,MPHOSPH9
CD8_TRM-Lung_vs_LDLN_up,GALNT12
CD8_TRM-Lung_vs_LDLN_up,ZNF107
CD8_TRM-Lung_vs_LDLN_up,LETM2
CD8_TRM-Lung_vs_LDLN_up,CXCR5
CD8_TRM-Lung_vs_LDLN_up,SRSF7
CD8_TRM-Lung_vs_LDLN_up,C12orf79
CD8_TRM-Lung_vs_LDLN_up,DIS3
CD8_TRM-Lung_vs_LDLN_up,ELP5
CD8_TRM-Lung_vs_LDLN_up,ATG9B
CD8_TRM-Lung_vs_LDLN_up,IARS
CD8_TRM-Lung_vs_LDLN_up,ELMO1
CD8_TRM-Lung_vs_LDLN_up,LYSMD3
CD8_TRM-Lung_vs_LDLN_up,KIAA1143
CD8_TRM-Lung_vs_LDLN_up,KLF12
CD8_TRM-Lung_vs_LDLN_up,VCP
CD8_TRM-Lung_vs_LDLN_up,SUV39H2
CD8_TRM-Lung_vs_LDLN_up,DNAAF2
CD8_TRM-Lung_vs_LDLN_up,CCDC109B
CD8_TRM-Lung_vs_LDLN_up,NT5C3B
CD8_TRM-Lung_vs_LDLN_up,GATA3
CD8_TRM-Lung_vs_LDLN_up,RAD54L2
CD8_TRM-Lung_vs_LDLN_up,DENND5A
CD8_TRM-Lung_vs_LDLN_up,LYRM7
CD8_TRM-Lung_vs_LDLN_up,ITPKB
CD8_TRM-Lung_vs_LDLN_up,NUPL1
CD8_TRM-Lung_vs_LDLN_up,POLR2A
CD8_TRM-Lung_vs_LDLN_up,CSNK1G3
CD8_TRM-Lung_vs_LDLN_up,EIF1
CD8_TRM-Lung_vs_LDLN_up,CCDC64
CD8_TRM-Lung_vs_LDLN_up,FTCDNL1
CD8_TRM-Lung_vs_LDLN_up,CRKL
CD8_TRM-Lung_vs_LDLN_up,MRPS21
CD8_TRM-Lung_vs_LDLN_up,DDX21
CD8_TRM-Lung_vs_LDLN_up,ZNF830
CD8_TRM-Lung_vs_LDLN_up,BTAF1
CD8_TRM-Lung_vs_LDLN_up,CLEC2D
CD8_TRM-Lung_vs_LDLN_up,SGSM2
CD8_TRM-Lung_vs_LDLN_up,TCERG1
CD8_TRM-Lung_vs_LDLN_up,GIGYF2
CD8_TRM-Lung_vs_LDLN_up,PCSK7
CD8_TRM-Lung_vs_LDLN_up,PLAC8
CD8_TRM-Lung_vs_LDLN_up,AEBP2
CD8_TRM-Lung_vs_LDLN_up,CAND1
CD8_TRM-Lung_vs_LDLN_up,PDE3B
CD8_TRM-Lung_vs_LDLN_up,NXF1
CD8_TRM-Lung_vs_LDLN_up,DNAJC24
CD8_TRM-Lung_vs_LDLN_up,NOB1
CD8_TRM-Lung_vs_LDLN_up,N4BP1
CD8_TRM-Lung_vs_LDLN_up,FDXACB1
CD8_TRM-Lung_vs_LDLN_up,ODC1
CD8_TRM-Lung_vs_LDLN_up,SARAF
CD8_TRM-Lung_vs_LDLN_up,ELF1
CD8_TRM-Lung_vs_LDLN_up,IFRD2
CD8_TRM-Lung_vs_LDLN_up,SLC19A2
CD8_TRM-Lung_vs_LDLN_up,RASGEF1B
CD8_TRM-Lung_vs_LDLN_up,IBTK
CD8_TRM-Lung_vs_LDLN_up,SPINK2
CD8_TRM-Lung_vs_LDLN_up,STYX
CD8_TRM-Lung_vs_LDLN_up,MBD6
CD8_TRM-Lung_vs_LDLN_up,TUBE1
CD8_TRM-Lung_vs_LDLN_up,BBC3
CD8_TRM-Lung_vs_LDLN_up,MYLIP
CD8_TRM-Lung_vs_LDLN_up,PIAS2
CD8_TRM-Lung_vs_LDLN_up,TSPYL1
CD8_TRM-Lung_vs_LDLN_up,SPATA2
CD8_TRM-Lung_vs_LDLN_up,CNOT2
CD8_TRM-Lung_vs_LDLN_up,ZNF431
CD8_TRM-Lung_vs_LDLN_up,KAT6B
CD8_TRM-Lung_vs_LDLN_up,IRGM
CD8_TRM-Lung_vs_LDLN_up,WDR6
CD8_TRM-Lung_vs_LDLN_up,GPR98
CD8_TRM-Lung_vs_LDLN_up,PLCB1
CD8_TRM-Lung_vs_LDLN_up,MXI1
CD8_TRM-Lung_vs_LDLN_up,LIAS
CD8_TRM-Lung_vs_LDLN_up,CHMP1B
CD8_TRM-Lung_vs_LDLN_up,WHAMM
CD8_TRM-Lung_vs_LDLN_up,SMCHD1
CD8_TRM-Lung_vs_LDLN_up,SUPT16H
CD8_TRM-Lung_vs_LDLN_up,ADAR
CD8_TRM-Lung_vs_LDLN_up,ZNF221
CD8_TRM-Lung_vs_LDLN_up,PLEKHA8
CD8_TRM-Lung_vs_LDLN_up,ZSCAN5A
CD8_TRM-Lung_vs_LDLN_up,NDUFAF7
CD8_TRM-Lung_vs_LDLN_up,CD5
CD8_TRM-Lung_vs_LDLN_up,FAM193B
CD8_TRM-Lung_vs_LDLN_up,PTCD1
CD8_TRM-Lung_vs_LDLN_up,HGNC:9982
CD8_TRM-Lung_vs_LDLN_up,MED13
CD8_TRM-Lung_vs_LDLN_up,ZNF784
CD8_TRM-Lung_vs_LDLN_up,RABL2A
CD8_TRM-Lung_vs_LDLN_up,ZNF286B
CD8_TRM-Lung_vs_LDLN_up,ERP27
CD8_TRM-Lung_vs_LDLN_up,TMEM167B
CD8_TRM-Lung_vs_LDLN_up,CBX7
CD8_TRM-Lung_vs_LDLN_up,ACSL3
CD8_TRM-Lung_vs_LDLN_up,CAPN7
CD8_TRM-Lung_vs_LDLN_up,RBM39
CD8_TRM-Lung_vs_LDLN_up,ZNF574
CD8_TRM-Lung_vs_LDLN_up,ACSL6
CD8_TRM-Lung_vs_LDLN_up,POLR2J3
CD8_TRM-Lung_vs_LDLN_up,ZBTB10
CD8_TRM-Lung_vs_LDLN_up,QRICH1
CD8_TRM-Lung_vs_LDLN_up,EXOC8
CD8_TRM-Lung_vs_LDLN_up,ARHGAP8
CD8_TRM-Lung_vs_LDLN_up,FBXO32
CD8_TRM-Lung_vs_LDLN_up,TP53INP1
CD8_TRM-Lung_vs_LDLN_up,EIF5
CD8_TRM-Lung_vs_LDLN_up,ZNF292
CD8_TRM-Lung_vs_LDLN_up,GABPB2
CD8_TRM-Lung_vs_LDLN_up,MRPS18A
CD8_TRM-Lung_vs_LDLN_up,HIST1H1C
CD8_TRM-Lung_vs_LDLN_up,C5orf63
CD8_TRM-Lung_vs_LDLN_up,CPSF6
CD8_TRM-Lung_vs_LDLN_up,SIMC1
CD8_TRM-Lung_vs_LDLN_up,KIF9
CD8_TRM-Lung_vs_LDLN_up,THYN1
CD8_TRM-Lung_vs_LDLN_up,EOGT
CD8_TRM-Lung_vs_LDLN_up,ZBTB18
CD8_TRM-Lung_vs_LDLN_up,CHRAC1
CD8_TRM-Lung_vs_LDLN_up,TTC37
CD8_TRM-Lung_vs_LDLN_up,EIF3L
CD8_TRM-Lung_vs_LDLN_up,R3HCC1
CD8_TRM-Lung_vs_LDLN_up,ZNF827
CD8_TRM-Lung_vs_LDLN_up,TXK
CD8_TRM-Lung_vs_LDLN_up,CEP350
CD8_TRM-Lung_vs_LDLN_up,EIF4B
CD8_TRM-Lung_vs_LDLN_up,CEP290
CD8_TRM-Lung_vs_LDLN_up,SLC25A3
CD8_TRM-Lung_vs_LDLN_up,TRBV25-1
CD8_TRM-Lung_vs_LDLN_up,DDX27
CD8_TRM-Lung_vs_LDLN_up,RNF19A
CD8_TRM-Lung_vs_LDLN_up,RANBP2
CD8_TRM-Lung_vs_LDLN_up,ZNF23
CD8_TRM-Lung_vs_LDLN_up,ZNF688
CD8_TRM-Lung_vs_LDLN_up,POLRMT
CD8_TRM-Lung_vs_LDLN_up,CCDC184
CD8_TRM-Lung_vs_LDLN_up,9-Sep
CD8_TRM-Lung_vs_LDLN_up,USP20
CD8_TRM-Lung_vs_LDLN_up,FNTA
CD8_TRM-Lung_vs_LDLN_up,TULP4
CD8_TRM-Lung_vs_LDLN_up,IRF1
CD8_TRM-Lung_vs_LDLN_up,YRDC
CD8_TRM-Lung_vs_LDLN_up,TIMM23B
CD8_TRM-Lung_vs_LDLN_up,ZNF770
CD8_TRM-Lung_vs_LDLN_up,PHC1
CD8_TRM-Lung_vs_LDLN_up,TUBA1A
CD8_TRM-Lung_vs_LDLN_up,GLI4
CD8_TRM-Lung_vs_LDLN_up,U2SURP
CD8_TRM-Lung_vs_LDLN_up,FAM193A
CD8_TRM-Lung_vs_LDLN_up,DHX38
CD8_TRM-Lung_vs_LDLN_up,OSER1
CD8_TRM-Lung_vs_LDLN_up,CUL5
CD8_TRM-Lung_vs_LDLN_up,CEP120
CD8_TRM-Lung_vs_LDLN_up,TMEM63A
CD8_TRM-Lung_vs_LDLN_up,DDX17
CD8_TRM-Lung_vs_LDLN_up,IER2
CD8_TRM-Lung_vs_LDLN_up,TUBGCP6
CD8_TRM-Lung_vs_LDLN_up,POGZ
CD8_TRM-Lung_vs_LDLN_up,CD79A
CD8_TRM-Lung_vs_LDLN_up,CNOT10
CD8_TRM-Lung_vs_LDLN_up,MATN1
CD8_TRM-Lung_vs_LDLN_up,PURB
CD8_TRM-Lung_vs_LDLN_up,MLLT3
CD8_TRM-Lung_vs_LDLN_up,YTHDF2
CD8_TRM-Lung_vs_LDLN_up,ASTE1
CD8_TRM-Lung_vs_LDLN_up,CEBPZ
CD8_TRM-Lung_vs_LDLN_up,HNRNPU
CD8_TRM-Lung_vs_LDLN_up,MEPCE
CD8_TRM-Lung_vs_LDLN_up,CITED4
CD8_TRM-Lung_vs_LDLN_up,KDM1A
CD8_TRM-Lung_vs_LDLN_up,ADCK5
CD8_TRM-Lung_vs_LDLN_up,FSCN1
CD8_TRM-Lung_vs_LDLN_up,ZNF207
CD8_TRM-Lung_vs_LDLN_up,TRA2A
CD8_TRM-Lung_vs_LDLN_up,TAB2
CD8_TRM-Lung_vs_LDLN_up,SHC2
CD8_TRM-Lung_vs_LDLN_up,BRIX1
CD8_TRM-Lung_vs_LDLN_up,PCF11
CD8_TRM-Lung_vs_LDLN_up,SEMA4D
CD8_TRM-Lung_vs_LDLN_up,SENP2
CD8_TRM-Lung_vs_LDLN_up,UFC1
CD8_TRM-Lung_vs_LDLN_up,MAPK1IP1L
CD8_TRM-Lung_vs_LDLN_up,CAMKK2
CD8_TRM-Lung_vs_LDLN_up,ARID4B
CD8_TRM-Lung_vs_LDLN_up,ERCC6L2
CD8_TRM-Lung_vs_LDLN_up,KLF3
CD8_TRM-Lung_vs_LDLN_up,TM2D1
CD8_TRM-Lung_vs_LDLN_up,ZNF184
CD8_TRM-Lung_vs_LDLN_up,C16orf54
CD8_TRM-Lung_vs_LDLN_up,SRSF2
CD8_TRM-Lung_vs_LDLN_up,SNX29
CD8_TRM-Lung_vs_LDLN_up,ZNF569
CD8_TRM-Lung_vs_LDLN_up,UBXN2A
CD8_TRM-Lung_vs_LDLN_up,TFR2
CD8_TRM-Lung_vs_LDLN_up,SLC9A8
CD8_TRM-Lung_vs_LDLN_up,BZRAP1
CD8_TRM-Lung_vs_LDLN_up,PCGF5
CD8_TRM-Lung_vs_LDLN_up,TXNDC11
CD8_TRM-Lung_vs_LDLN_up,C1orf56
CD8_TRM-Lung_vs_LDLN_up,KDM2A
CD8_TRM-Lung_vs_LDLN_up,NIN
CD8_TRM-Lung_vs_LDLN_up,LGALS8
CD8_TRM-Lung_vs_LDLN_up,CCNC
CD8_TRM-Lung_vs_LDLN_up,IL7R
CD8_TRM-Lung_vs_LDLN_up,STAT3
CD8_TRM-Lung_vs_LDLN_up,CAAP1
CD8_TRM-Lung_vs_LDLN_up,IRS2
CD8_TRM-Lung_vs_LDLN_up,LMBR1
CD8_TRM-Lung_vs_LDLN_up,RALGAPA1
CD8_TRM-Lung_vs_LDLN_up,DYRK1A
CD8_TRM-Lung_vs_LDLN_up,ACHE
CD8_TRM-Lung_vs_LDLN_up,ZNF101
CD8_TRM-Lung_vs_LDLN_up,TP53INP2
CD8_TRM-Lung_vs_LDLN_up,GGA3
CD8_TRM-Lung_vs_LDLN_up,NR3C2
CD8_TRM-Lung_vs_LDLN_up,TMEM55B
CD8_TRM-Lung_vs_LDLN_up,PMS1
CD8_TRM-Lung_vs_LDLN_up,CSNK1D
CD8_TRM-Lung_vs_LDLN_up,RBM6
CD8_TRM-Lung_vs_LDLN_up,SLC35E2B
CD8_TRM-Lung_vs_LDLN_up,CSNK1A1
CD8_TRM-Lung_vs_LDLN_up,SBDS
CD8_TRM-Lung_vs_LDLN_up,ZNF506
CD8_TRM-Lung_vs_LDLN_up,RNF149
CD8_TRM-Lung_vs_LDLN_up,APBB3
CD8_TRM-Lung_vs_LDLN_up,VAMP1
CD8_TRM-Lung_vs_LDLN_up,HIST1H2BN
CD8_TRM-Lung_vs_LDLN_up,LRRC27
CD8_TRM-Lung_vs_LDLN_up,PPM1A
CD8_TRM-Lung_vs_LDLN_up,DLST
CD8_TRM-Lung_vs_LDLN_up,DEPDC5
CD8_TRM-Lung_vs_LDLN_up,COQ10B
CD8_TRM-Lung_vs_LDLN_up,TRAT1
CD8_TRM-Lung_vs_LDLN_up,WDR45B
CD8_TRM-Lung_vs_LDLN_up,FAM169A
CD8_TRM-Lung_vs_LDLN_up,SC5D
CD8_TRM-Lung_vs_LDLN_up,SIK1
CD8_TRM-Lung_vs_LDLN_up,ZNF331
CD8_TRM-Lung_vs_LDLN_up,TNKS2
CD8_TRM-Lung_vs_LDLN_up,AK9
CD8_TRM-Lung_vs_LDLN_up,TNFSF8
CD8_TRM-Lung_vs_LDLN_up,C5orf28
CD8_TRM-Lung_vs_LDLN_up,NAPG
CD8_TRM-Lung_vs_LDLN_up,NFKBIZ
CD8_TRM-Lung_vs_LDLN_up,HAT1
CD8_TRM-Lung_vs_LDLN_up,SF3B3
CD8_TRM-Lung_vs_LDLN_up,ZNF276
CD8_TRM-Lung_vs_LDLN_up,NFKB1
CD8_TRM-Lung_vs_LDLN_up,DAPP1
CD8_TRM-Lung_vs_LDLN_up,PLB1
CD8_TRM-Lung_vs_LDLN_up,AMN
CD8_TRM-Lung_vs_LDLN_up,MCM6
CD8_TRM-Lung_vs_LDLN_up,STAT5A
CD8_TRM-Lung_vs_LDLN_up,FXN
CD8_TRM-Lung_vs_LDLN_up,C2orf49
CD8_TRM-Lung_vs_LDLN_up,PYHIN1
CD8_TRM-Lung_vs_LDLN_up,REXO1
CD8_TRM-Lung_vs_LDLN_up,CSDE1
CD8_TRM-Lung_vs_LDLN_up,VILL
CD8_TRM-Lung_vs_LDLN_up,ABHD17B
CD8_TRM-Lung_vs_LDLN_up,RSRC2
CD8_TRM-Lung_vs_LDLN_up,FNBP4
CD8_TRM-Lung_vs_LDLN_up,WIZ
CD8_TRM-Lung_vs_LDLN_up,MBIP
CD8_TRM-Lung_vs_LDLN_up,FAM86C1
CD8_TRM-Lung_vs_LDLN_up,HSPA5
CD8_TRM-Lung_vs_LDLN_up,SLC20A1
CD8_TRM-Lung_vs_LDLN_up,CDC14A
CD8_TRM-Lung_vs_LDLN_up,MAGOH
CD8_TRM-Lung_vs_LDLN_up,SARS
CD8_TRM-Lung_vs_LDLN_up,TRAV12-2
CD8_TRM-Lung_vs_LDLN_up,ZZZ3
CD8_TRM-Lung_vs_LDLN_up,OXR1
CD8_TRM-Lung_vs_LDLN_up,IL2
CD8_TRM-Lung_vs_LDLN_up,SRRM1
CD8_TRM-Lung_vs_LDLN_up,KIAA1683
CD8_TRM-Lung_vs_LDLN_up,ZRANB2
CD8_TRM-Lung_vs_LDLN_up,SRSF6
CD8_TRM-Lung_vs_LDLN_up,6-Mar
CD8_TRM-Lung_vs_LDLN_up,ZNF146
CD8_TRM-Lung_vs_LDLN_up,TSPAN31
CD8_TRM-Lung_vs_LDLN_up,RNMTL1
CD8_TRM-Lung_vs_LDLN_up,MTMR9
CD8_TRM-Lung_vs_LDLN_up,ATF7IP
CD8_TRM-Lung_vs_LDLN_up,ZFAND5
CD8_TRM-Lung_vs_LDLN_up,PTPN23
CD8_TRM-Lung_vs_LDLN_up,RAB5A
CD8_TRM-Lung_vs_LDLN_up,LLPH
CD8_TRM-Lung_vs_LDLN_up,FLT4
CD8_TRM-Lung_vs_LDLN_up,PRKCA
CD8_TRM-Lung_vs_LDLN_up,MAT2A
CD8_TRM-Lung_vs_LDLN_up,GTF2IRD2
CD8_TRM-Lung_vs_LDLN_up,C10orf2
CD8_TRM-Lung_vs_LDLN_up,RBM11
CD8_TRM-Lung_vs_LDLN_up,ANKLE1
CD8_TRM-Lung_vs_LDLN_up,MKNK2
CD8_TRM-Lung_vs_LDLN_up,TAF3
CD8_TRM-Lung_vs_LDLN_up,PNRC2
CD8_TRM-Lung_vs_LDLN_up,SF3B4
CD8_TRM-Lung_vs_LDLN_up,ZNF12
CD8_TRM-Lung_vs_LDLN_up,CXXC1
CD8_TRM-Lung_vs_LDLN_up,GALNT11
CD8_TRM-Lung_vs_LDLN_up,EPHX2
CD8_TRM-Lung_vs_LDLN_up,CRY2
CD8_TRM-Lung_vs_LDLN_up,RCAN3
CD8_TRM-Lung_vs_LDLN_up,TRPC4AP
CD8_TRM-Lung_vs_LDLN_up,TOP1
CD8_TRM-Lung_vs_LDLN_up,IKBKE
CD8_TRM-Lung_vs_LDLN_up,TBC1D15
CD8_TRM-Lung_vs_LDLN_up,FAM134C
CD8_TRM-Lung_vs_LDLN_up,PLEKHG2
CD8_TRM-Lung_vs_LDLN_up,GEMIN6
CD8_TRM-Lung_vs_LDLN_up,NLRP6
CD8_TRM-Lung_vs_LDLN_up,CD27
CD8_TRM-Lung_vs_LDLN_up,PODXL2
CD8_TRM-Lung_vs_LDLN_up,BRAF
CD8_TRM-Lung_vs_LDLN_up,RASD2
CD8_TRM-Lung_vs_LDLN_up,FNDC3A
CD8_TRM-Lung_vs_LDLN_up,CCNK
CD8_TRM-Lung_vs_LDLN_up,C12orf29
CD8_TRM-Lung_vs_LDLN_up,KLHL28
CD8_TRM-Lung_vs_LDLN_up,PLEKHH2
CD8_TRM-Lung_vs_LDLN_up,BZW2
CD8_TRM-Lung_vs_LDLN_up,FBXO28
CD8_TRM-Lung_vs_LDLN_up,CD84
CD8_TRM-Lung_vs_LDLN_up,SEC61A2
CD8_TRM-Lung_vs_LDLN_up,IL24
CD8_TRM-Lung_vs_LDLN_up,RNF139
CD8_TRM-Lung_vs_LDLN_up,DCAF8
CD8_TRM-Lung_vs_LDLN_up,PSPC1
CD8_TRM-Lung_vs_LDLN_up,ZNF254
CD8_TRM-Lung_vs_LDLN_up,RLF
CD8_TRM-Lung_vs_LDLN_up,CFAP20
CD8_TRM-Lung_vs_LDLN_up,NARF
CD8_TRM-Lung_vs_LDLN_up,UTRN
CD8_TRM-Lung_vs_LDLN_up,MTMR12
CD8_TRM-Lung_vs_LDLN_up,GAR1
CD8_TRM-Lung_vs_LDLN_up,ZNF264
CD8_TRM-Lung_vs_LDLN_up,EIF3D
CD8_TRM-Lung_vs_LDLN_up,EPB41L5
CD8_TRM-Lung_vs_LDLN_up,DYSF
CD8_TRM-Lung_vs_LDLN_up,PYGM
CD8_TRM-Lung_vs_LDLN_up,NECAP1
CD8_TRM-Lung_vs_LDLN_up,BTF3L4
CD8_TRM-Lung_vs_LDLN_up,TTC30B
CD8_TRM-Lung_vs_LDLN_up,LIG1
CD8_TRM-Lung_vs_LDLN_up,HMBOX1
CD8_TRM-Lung_vs_LDLN_up,FUBP3
CD8_TRM-Lung_vs_LDLN_up,KLRG1
CD8_TRM-Lung_vs_LDLN_up,PRKCQ
CD8_TRM-Lung_vs_LDLN_up,GRWD1
CD8_TRM-Lung_vs_LDLN_up,RNF2
CD8_TRM-Lung_vs_LDLN_dn,PLAUR
CD8_TRM-Lung_vs_LDLN_dn,MREG
CD8_TRM-Lung_vs_LDLN_dn,HSPB1
CD8_TRM-Lung_vs_LDLN_dn,MARCO
CD8_TRM-Lung_vs_LDLN_dn,CCL20
CD8_TRM-Lung_vs_LDLN_dn,G0S2
CD8_TRM-Lung_vs_LDLN_dn,ANXA5
CD8_TRM-Lung_vs_LDLN_dn,ADM
CD8_TRM-Lung_vs_LDLN_dn,LGALS1
CD8_TRM-Lung_vs_LDLN_dn,OSM
CD8_TRM-Lung_vs_LDLN_dn,BAG3
CD8_TRM-Lung_vs_LDLN_dn,RGS16
CD8_TRM-Lung_vs_LDLN_dn,CTSB
CD8_TRM-Lung_vs_LDLN_dn,CTSL
CD8_TRM-Lung_vs_LDLN_dn,CAPG
CD8_TRM-Lung_vs_LDLN_dn,FCER1G
CD8_TRM-Lung_vs_LDLN_dn,ID3
CD8_TRM-Lung_vs_LDLN_dn,CD14
CD8_TRM-Lung_vs_LDLN_dn,CTSH
CD8_TRM-Lung_vs_LDLN_dn,TYMP
CD8_TRM-Lung_vs_LDLN_dn,CEBPD
CD8_TRM-Lung_vs_LDLN_dn,ALAS1
CD8_TRM-Lung_vs_LDLN_dn,GNPDA1
CD8_TRM-Lung_vs_LDLN_dn,GPNMB
CD8_TRM-Lung_vs_LDLN_dn,HMOX1
CD8_TRM-Lung_vs_LDLN_dn,MS4A7
CD8_TRM-Lung_vs_LDLN_dn,LYZ
CD8_TRM-Lung_vs_LDLN_dn,NUPR1
CD8_TRM-Lung_vs_LDLN_dn,SERPINH1
CD8_TRM-Lung_vs_LDLN_dn,PTMS
CD8_TRM-Lung_vs_LDLN_dn,S100A11
CD8_TRM-Lung_vs_LDLN_dn,CXCL3
CD8_TRM-Lung_vs_LDLN_dn,PPT1
CD8_TRM-Lung_vs_LDLN_dn,RHOC
CD8_TRM-Lung_vs_LDLN_dn,HSPA6
CD8_TRM-Lung_vs_LDLN_dn,APOC1
CD8_TRM-Lung_vs_LDLN_dn,S100A8
CD8_TRM-Lung_vs_LDLN_dn,GZMB
CD8_TRM-Lung_vs_LDLN_dn,S100A9
CD8_TRM-Lung_vs_LDLN_dn,DVL3
CD8_TRM-Lung_vs_LDLN_dn,CXCL2
CD8_TRM-Lung_vs_LDLN_dn,LAT2
CD8_TRM-Lung_vs_LDLN_dn,CD63
CD8_TRM-Lung_vs_LDLN_dn,GLRX
CD8_TRM-Lung_vs_LDLN_dn,C1QA
CD8_TRM-Lung_vs_LDLN_dn,GPX3
CD8_TRM-Lung_vs_LDLN_dn,CLIC3
CD8_TRM-Lung_vs_LDLN_dn,TREM2
CD8_TRM-Lung_vs_LDLN_dn,ALOX5AP
CD8_TRM-Lung_vs_LDLN_dn,LGMN
CD8_TRM-Lung_vs_LDLN_dn,FPR1
CD8_TRM-Lung_vs_LDLN_dn,SLCO3A1
CD8_TRM-Lung_vs_LDLN_dn,PARP9
CD8_TRM-Lung_vs_LDLN_dn,FCGR3A
CD8_TRM-Lung_vs_LDLN_dn,SERPING1
CD8_TRM-Lung_vs_LDLN_dn,SFTPB
CD8_TRM-Lung_vs_LDLN_dn,MGAT1
CD8_TRM-Lung_vs_LDLN_dn,MSC
CD8_TRM-Lung_vs_LDLN_dn,VEGFA
CD8_TRM-Lung_vs_LDLN_dn,FTL
CD8_TRM-Lung_vs_LDLN_dn,FAR2
CD8_TRM-Lung_vs_LDLN_dn,SERPINE1
CD8_TRM-Lung_vs_LDLN_dn,SPARC
CD8_TRM-Lung_vs_LDLN_dn,ATP6V0B
CD8_TRM-Lung_vs_LDLN_dn,ECI1
CD8_TRM-Lung_vs_LDLN_dn,TREM1
CD8_TRM-Lung_vs_LDLN_dn,CD58
CD8_TRM-Lung_vs_LDLN_dn,CXCL8
CD8_TRM-Lung_vs_LDLN_dn,ANXA2
CD8_TRM-Lung_vs_LDLN_dn,C1QC
CD8_TRM-Lung_vs_LDLN_dn,EIF4EBP1
CD8_TRM-Lung_vs_LDLN_dn,NAGLU
CD8_TRM-Lung_vs_LDLN_dn,MS4A4A
CD8_TRM-Lung_vs_LDLN_dn,TNFRSF18
CD8_TRM-Lung_vs_LDLN_dn,FCGR2A
CD8_TRM-Lung_vs_LDLN_dn,KANK3
CD8_TRM-Lung_vs_LDLN_dn,C5AR1
CD8_TRM-Lung_vs_LDLN_dn,OLR1
CD8_TRM-Lung_vs_LDLN_dn,C1QB
CD8_TRM-Lung_vs_LDLN_dn,NFATC2IP
CD8_TRM-Lung_vs_LDLN_dn,MFSD1
CD8_TRM-Lung_vs_LDLN_dn,STYK1
CD8_TRM-Lung_vs_LDLN_dn,GSTO1
CD8_TRM-Lung_vs_LDLN_dn,KCNAB2
CD8_TRM-Lung_vs_LDLN_dn,RGS9
CD8_TRM-Lung_vs_LDLN_dn,MAFB
CD8_TRM-Lung_vs_LDLN_dn,C3AR1
CD8_TRM-Lung_vs_LDLN_dn,THEM6
CD8_TRM-Lung_vs_LDLN_dn,SCPEP1
CD8_TRM-Lung_vs_LDLN_dn,PMP22
CD8_TRM-Lung_vs_LDLN_dn,TMPRSS3
CD8_TRM-Lung_vs_LDLN_dn,LGALS3
CD8_TRM-Lung_vs_LDLN_dn,IFITM3
CD8_TRM-Lung_vs_LDLN_dn,FAM110A
CD8_TRM-Lung_vs_LDLN_dn,PLTP
CD8_TRM-Lung_vs_LDLN_dn,CYP27A1
CD8_TRM-Lung_vs_LDLN_dn,CTSA
CD8_TRM-Lung_vs_LDLN_dn,MCOLN1
CD8_TRM-Lung_vs_LDLN_dn,CLU
CD8_TRM-Lung_vs_LDLN_dn,GCLM
CD8_TRM-Lung_vs_LDLN_dn,APOE
CD8_TRM-Lung_vs_LDLN_dn,DOK2
CD8_TRM-Lung_vs_LDLN_dn,ZFAND2A
CD8_TRM-Lung_vs_LDLN_dn,BAG1
CD8_TRM-Lung_vs_LDLN_dn,CST3
CD8_TRM-Lung_vs_LDLN_dn,PRKAB1
CD8_TRM-Lung_vs_LDLN_dn,METTL21A
CD8_TRM-Lung_vs_LDLN_dn,SPIRE2
CD8_TRM-Lung_vs_LDLN_dn,GPR108
CD8_TRM-Lung_vs_LDLN_dn,NDUFB6
CD8_TRM-Lung_vs_LDLN_dn,RRAD
CD8_TRM-Lung_vs_LDLN_dn,TYROBP
CD8_TRM-Lung_vs_LDLN_dn,MUS81
CD8_TRM-Lung_vs_LDLN_dn,MCEMP1
CD8_TRM-Lung_vs_LDLN_dn,BTN2A1
CD8_TRM-Lung_vs_LDLN_dn,PIGK
CD8_TRM-Lung_vs_LDLN_dn,RAB31
CD8_TRM-Lung_vs_LDLN_dn,ITGB5
CD8_TRM-Lung_vs_LDLN_dn,IGFBP7
CD8_TRM-Lung_vs_LDLN_dn,FABP4
CD8_TRM-Lung_vs_LDLN_dn,IDH1
CD8_TRM-Lung_vs_LDLN_dn,UNC93B1
CD8_TRM-Lung_vs_LDLN_dn,IGSF6
CD8_TRM-Lung_vs_LDLN_dn,POLR2H
CD8_TRM-Lung_vs_LDLN_dn,SOCS2
CD8_TRM-Lung_vs_LDLN_dn,GM2A
CD8_TRM-Lung_vs_LDLN_dn,MNDA
CD8_TRM-Lung_vs_LDLN_dn,CPM
CD8_TRM-Lung_vs_LDLN_dn,PLIN2
CD8_TRM-Lung_vs_LDLN_dn,CD163
CD8_TRM-Lung_vs_LDLN_dn,KLRC1
CD8_TRM-Lung_vs_LDLN_dn,ATP5C1
CD8_TRM-Lung_vs_LDLN_dn,NIT1
CD8_TRM-Lung_vs_LDLN_dn,QPCT
CD8_TRM-Lung_vs_LDLN_dn,ANTXR2
CD8_TRM-Lung_vs_LDLN_dn,MRC1
CD8_TRM-Lung_vs_LDLN_dn,PLBD1
CD8_TRM-Lung_vs_LDLN_dn,DNAJB1
CD8_TRM-Lung_vs_LDLN_dn,RPAP3
CD8_TRM-Lung_vs_LDLN_dn,ELK3
CD8_TRM-Lung_vs_LDLN_dn,SCARB2
CD8_TRM-Lung_vs_LDLN_dn,SLC11A1
CD8_TRM-Lung_vs_LDLN_dn,LRP1
CD8_TRM-Lung_vs_LDLN_dn,PILRA
CD8_TRM-Lung_vs_LDLN_dn,WIPI1
CD8_TRM-Lung_vs_LDLN_dn,ALDH1A1
CD8_TRM-Lung_vs_LDLN_dn,DNAJB4
CD8_TRM-Lung_vs_LDLN_dn,COLGALT1
CD8_TRM-Lung_vs_LDLN_dn,SERPINF1
CD8_TRM-Lung_vs_LDLN_dn,LIPA
CD8_TRM-Lung_vs_LDLN_dn,VCAN
CD8_TRM-Lung_vs_LDLN_dn,ACP5
CD8_TRM-Lung_vs_LDLN_dn,LPL
CD8_TRM-Lung_vs_LDLN_dn,EIF4E2
CD8_TRM-Lung_vs_LDLN_dn,BLVRB
CD8_TRM-Lung_vs_LDLN_dn,ARMC1
CD8_TRM-Lung_vs_LDLN_dn,RAB13
CD8_TRM-Lung_vs_LDLN_dn,SLCO2B1
CD8_TRM-Lung_vs_LDLN_dn,NOP10
CD8_TRM-Lung_vs_LDLN_dn,HPGD
CD8_TRM-Lung_vs_LDLN_dn,S100A6
CD8_TRM-Lung_vs_LDLN_dn,NMB
CD8_TRM-Lung_vs_LDLN_dn,TFPI
CD8_TRM-Lung_vs_LDLN_dn,TNFSF14
CD8_TRM-Lung_vs_LDLN_dn,AKT1S1
CD8_TRM-Lung_vs_LDLN_dn,CAPN10
CD8_TRM-Lung_vs_LDLN_dn,OLFML2B
CD8_TRM-Lung_vs_LDLN_dn,KRT86
CD8_TRM-Lung_vs_LDLN_dn,CORO1C
CD8_TRM-Lung_vs_LDLN_dn,PDK4
CD8_TRM-Lung_vs_LDLN_dn,MSANTD3
CD8_TRM-Lung_vs_LDLN_dn,EMP2
CD8_TRM-Lung_vs_LDLN_dn,ALDH2
CD8_TRM-Lung_vs_LDLN_dn,SNAI3
CD8_TRM-Lung_vs_LDLN_dn,AP2S1
CD8_TRM-Lung_vs_LDLN_dn,GUSB
CD8_TRM-Lung_vs_LDLN_dn,PLA2G7
CD8_TRM-Lung_vs_LDLN_dn,HTRA1
CD8_TRM-Lung_vs_LDLN_dn,TRIM5
CD8_TRM-Lung_vs_LDLN_dn,ACTRT3
CD8_TRM-Lung_vs_LDLN_dn,MARVELD1
CD8_TRM-Lung_vs_LDLN_dn,KYNU
CD8_TRM-Lung_vs_LDLN_dn,RNF144B
CD8_TRM-Lung_vs_LDLN_dn,HIST1H2BJ
CD8_TRM-Lung_vs_LDLN_dn,SRD5A3
CD8_TRM-Lung_vs_LDLN_dn,GLIPR2
CD8_TRM-Lung_vs_LDLN_dn,FAM89A
CD8_TRM-Lung_vs_LDLN_dn,BBS2
CD8_TRM-Lung_vs_LDLN_dn,FBXO6
CD8_TRM-Lung_vs_LDLN_dn,MGST1
CD8_TRM-Lung_vs_LDLN_dn,SGSH
CD8_TRM-Lung_vs_LDLN_dn,CD36
CD8_TRM-Lung_vs_LDLN_dn,CTSC
CD8_TRM-Lung_vs_LDLN_dn,C10orf128
CD8_TRM-Lung_vs_LDLN_dn,S100A4
CD8_TRM-Lung_vs_LDLN_dn,CD59
CD8_TRM-Lung_vs_LDLN_dn,SPATS2L
CD8_TRM-Lung_vs_LDLN_dn,REEP5
CD8_TRM-Lung_vs_LDLN_dn,TLR4
CD8_TRM-Lung_vs_LDLN_dn,TCP1
CD8_TRM-Lung_vs_LDLN_dn,CSTA
CD8_TRM-Lung_vs_LDLN_dn,RDX
CD8_TRM-Lung_vs_LDLN_dn,CSF1
CD8_TRM-Lung_vs_LDLN_dn,HSPA8
CD8_TRM-Lung_vs_LDLN_dn,AFAP1
CD8_TRM-Lung_vs_LDLN_dn,DENND6B
CD8_TRM-Lung_vs_LDLN_dn,ACSL1
CD8_TRM-Lung_vs_LDLN_dn,ATP1B1
CD8_TRM-Lung_vs_LDLN_dn,CALCOCO2
CD8_TRM-Lung_vs_LDLN_dn,MSMO1
CD8_TRM-Lung_vs_LDLN_dn,FN1
CD8_TRM-Lung_vs_LDLN_dn,CCL2
CD8_TRM-Lung_vs_LDLN_dn,MRPL43
CD8_TRM-Lung_vs_LDLN_dn,NUDT14
CD8_TRM-Lung_vs_LDLN_dn,ATPAF1
CD8_TRM-Lung_vs_LDLN_dn,ARFRP1
CD8_TRM-Lung_vs_LDLN_dn,BTBD6
CD8_TRM-Lung_vs_LDLN_dn,SPI1
CD8_TRM-Lung_vs_LDLN_dn,SDC2
CD8_TRM-Lung_vs_LDLN_dn,MYO1E
CD8_TRM-Lung_vs_LDLN_dn,EXOG
CD8_TRM-Lung_vs_LDLN_dn,GRN
CD8_TRM-Lung_vs_LDLN_dn,ZNF683
CD8_TRM-Lung_vs_LDLN_dn,NLRX1
CD8_TRM-Lung_vs_LDLN_dn,SLC35G2
CD8_TRM-Lung_vs_LDLN_dn,IL17A
CD8_TRM-Lung_vs_LDLN_dn,RASD1
CD8_TRM-Lung_vs_LDLN_dn,POR
CD8_TRM-Lung_vs_LDLN_dn,TACSTD2
CD8_TRM-Lung_vs_LDLN_dn,HAVCR2
CD8_TRM-Lung_vs_LDLN_dn,BIVM
CD8_TRM-Lung_vs_LDLN_dn,SAA1
CD8_TRM-Lung_vs_LDLN_dn,PARVB
CD8_TRM-Lung_vs_LDLN_dn,CCL23
CD8_TRM-Lung_vs_LDLN_dn,ETS2
CD8_TRM-Lung_vs_LDLN_dn,MMP19
CD8_TRM-Lung_vs_LDLN_dn,HNMT
CD8_TRM-Lung_vs_LDLN_dn,NUDT5
CD8_TRM-Lung_vs_LDLN_dn,CD86
CD8_TRM-Lung_vs_LDLN_dn,SLC31A1
CD8_TRM-Lung_vs_LDLN_dn,EIF2AK1
CD8_TRM-Lung_vs_LDLN_dn,ADPRH
CD8_TRM-Lung_vs_LDLN_dn,IL6
CD8_TRM-Lung_vs_LDLN_dn,SMCO4
CD8_TRM-Lung_vs_LDLN_dn,CLEC4E
CD8_TRM-Lung_vs_LDLN_dn,GAS2L1
CD8_TRM-Lung_vs_LDLN_dn,ATP6V1F
CD8_TRM-Lung_vs_LDLN_dn,UNC119
CD8_TRM-Lung_vs_LDLN_dn,KLRC2
CD8_TRM-Lung_vs_LDLN_dn,FBP1
CD8_TRM-Lung_vs_LDLN_dn,NPL
CD8_TRM-Lung_vs_LDLN_dn,GPD1L
CD8_TRM-Lung_vs_LDLN_dn,SFTPC
CD8_TRM-Lung_vs_LDLN_dn,TSG101
CD8_TRM-Lung_vs_LDLN_dn,IL1R2
CD8_TRM-Lung_vs_LDLN_dn,TSPAN3
CD8_TRM-Lung_vs_LDLN_dn,FCN1
CD8_TRM-Lung_vs_LDLN_dn,UBAC1
CD8_TRM-Lung_vs_LDLN_dn,CISD2
CD8_TRM-Lung_vs_LDLN_dn,NSFL1C
CD8_TRM-Lung_vs_LDLN_dn,GNA15
CD8_TRM-Lung_vs_LDLN_dn,PUS7L
CD8_TRM-Lung_vs_LDLN_dn,CD4
CD8_TRM-Lung_vs_LDLN_dn,DTYMK
CD8_TRM-Lung_vs_LDLN_dn,PDCL3
CD8_TRM-Lung_vs_LDLN_dn,TCN2
CD8_TRM-Lung_vs_LDLN_dn,PLAU
CD8_TRM-Lung_vs_LDLN_dn,ADAM17
CD8_TRM-Lung_vs_LDLN_dn,KXD1
CD8_TRM-Lung_vs_LDLN_dn,THAP6
CD8_TRM-Lung_vs_LDLN_dn,TRIB3
CD8_TRM-Lung_vs_LDLN_dn,RNASE1
CD8_TRM-Lung_vs_LDLN_dn,SPP1
CD8_TRM-Lung_vs_LDLN_dn,ATP2C1
CD8_TRM-Lung_vs_LDLN_dn,NCF2
CD8_TRM-Lung_vs_LDLN_dn,GDI2
CD8_TRM-Lung_vs_LDLN_dn,FOLR3
CD8_TRM-Lung_vs_LDLN_dn,ITGAX
CD8_TRM-Lung_vs_LDLN_dn,ALDH3B1
CD8_TRM-Lung_vs_LDLN_dn,B3GNT5
CD8_TRM-Lung_vs_LDLN_dn,ACTR1A
CD8_TRM-Lung_vs_LDLN_dn,SRP9
CD8_TRM-Lung_vs_LDLN_dn,KPTN
CD8_TRM-Lung_vs_LDLN_dn,CHCHD1
CD8_TRM-Lung_vs_LDLN_dn,DPYSL2
CD8_TRM-Lung_vs_LDLN_dn,COPRS
CD8_TRM-Lung_vs_LDLN_dn,TLR2
CD8_TRM-Lung_vs_LDLN_dn,BTBD2
CD8_TRM-Lung_vs_LDLN_dn,NFYB
CD8_TRM-Lung_vs_LDLN_dn,SLC35C2
CD8_TRM-Lung_vs_LDLN_dn,CREB3
CD8_TRM-Lung_vs_LDLN_dn,PLXDC2
CD8_TRM-Lung_vs_LDLN_dn,TBXAS1
CD8_TRM-Lung_vs_LDLN_dn,HSD3B7
CD8_TRM-Lung_vs_LDLN_dn,ALKBH2
CD8_TRM-Lung_vs_LDLN_dn,POLA2
CD8_TRM-Lung_vs_LDLN_dn,RCAN2
CD8_TRM-Lung_vs_LDLN_dn,ME2
CD8_TRM-Lung_vs_LDLN_dn,LAMTOR2
CD8_TRM-Lung_vs_LDLN_dn,NIPA2
CD8_TRM-Lung_vs_LDLN_dn,CTU2
CD8_TRM-Lung_vs_LDLN_dn,NUDT2
CD8_TRM-Lung_vs_LDLN_dn,CLDN7
CD8_TRM-Lung_vs_LDLN_dn,LACTB
CD8_TRM-Lung_vs_LDLN_dn,PTAFR
CD8_TRM-Lung_vs_LDLN_dn,RALGPS1
CD8_TRM-Lung_vs_LDLN_dn,RSU1
CD8_TRM-Lung_vs_LDLN_dn,NDUFS4
CD8_TRM-Lung_vs_LDLN_dn,LGALS9
CD8_TRM-Lung_vs_LDLN_dn,RPL39L
CD8_TRM-Lung_vs_LDLN_dn,FPR2
CD8_TRM-Lung_vs_LDLN_dn,SNX3
CD8_TRM-Lung_vs_LDLN_dn,TNFAIP6
CD8_TRM-Lung_vs_LDLN_dn,RNF146
CD8_TRM-Lung_vs_LDLN_dn,PHYH
CD8_TRM-Lung_vs_LDLN_dn,WASF2
CD8_TRM-Lung_vs_LDLN_dn,KRT7
CD8_TRM-Lung_vs_LDLN_dn,RETN
CD8_TRM-Lung_vs_LDLN_dn,AFG3L2
CD8_TRM-Lung_vs_LDLN_dn,ARHGEF19
CD8_TRM-Lung_vs_LDLN_dn,ARFGAP2
CD8_TRM-Lung_vs_LDLN_dn,MAN2B1
CD8_TRM-Lung_vs_LDLN_dn,ANXA4
CD8_TRM-Lung_vs_LDLN_dn,CDC23
CD8_TRM-Lung_vs_LDLN_dn,JAG2
CD8_TRM-Lung_vs_LDLN_dn,ST14
CD8_TRM-Lung_vs_LDLN_dn,CKS2
CD8_TRM-Lung_vs_LDLN_dn,GPX1
CD8_TRM-Lung_vs_LDLN_dn,WFDC2
CD8_TRM-Lung_vs_LDLN_dn,C7orf49
CD8_TRM-Lung_vs_LDLN_dn,GLTSCR1L
CD8_TRM-Lung_vs_LDLN_dn,TMEM80
CD8_TRM-Lung_vs_LDLN_dn,TEX261
CD8_TRM-Lung_vs_LDLN_dn,IL1B
CD8_TRM-Lung_vs_LDLN_dn,JDP2
CD8_TRM-Lung_vs_LDLN_dn,THBD
CD8_TRM-Lung_vs_LDLN_dn,SERINC2
CD8_TRM-Lung_vs_LDLN_dn,CTSD
CD8_TRM-Lung_vs_LDLN_dn,ITFG1
CD8_TRM-Lung_vs_LDLN_dn,STAM2
CD8_TRM-Lung_vs_LDLN_dn,HIGD1A
CD8_TRM-Lung_vs_LDLN_dn,ARL6IP5
CD8_TRM-Lung_vs_LDLN_dn,ATXN7L1
CD8_TRM-Lung_vs_LDLN_dn,MSRB1
CD8_TRM-Lung_vs_LDLN_dn,PPAP2B
CD8_TRM-Lung_vs_LDLN_dn,TM6SF1
CD8_TRM-Lung_vs_LDLN_dn,TRAV1-2
CD8_TRM-Lung_vs_LDLN_dn,NDUFV3
CD8_TRM-Lung_vs_LDLN_dn,MCAM
CD8_TRM-Lung_vs_LDLN_dn,ITGAE
CD8_TRM-Lung_vs_LDLN_dn,GLDN
CD8_TRM-Lung_vs_LDLN_dn,MRPL36
CD8_TRM-Lung_vs_LDLN_dn,FRMD4B
CD8_TRM-Lung_vs_LDLN_dn,ARL4D
CD8_TRM-Lung_vs_LDLN_dn,PERP
CD8_TRM-Lung_vs_LDLN_dn,UGT8
CD8_TRM-Lung_vs_LDLN_dn,SOD2
CD8_TRM-Lung_vs_LDLN_dn,SNX1
CD8_TRM-Lung_vs_LDLN_dn,SIGLEC14
CD8_TRM-Lung_vs_LDLN_dn,RAB10
CD8_TRM-Lung_vs_LDLN_dn,COX5A
CD8_TRM-Lung_vs_LDLN_dn,AQP9
CD8_TRM-Lung_vs_LDLN_dn,SLC2A6
CD8_TRM-Lung_vs_LDLN_dn,PCK2
CD8_TRM-Lung_vs_LDLN_dn,GPR84
CD8_TRM-Lung_vs_LDLN_dn,TRIM11
CD8_TRM-Lung_vs_LDLN_dn,TGM2
CD8_TRM-Lung_vs_LDLN_dn,CDC123
CD8_TRM-Lung_vs_LDLN_dn,PYGL
CD8_TRM-Lung_vs_LDLN_dn,DCTN2
CD8_TRM-Lung_vs_LDLN_dn,KEAP1
CD8_TRM-Lung_vs_LDLN_dn,MAEA
CD8_TRM-Lung_vs_LDLN_dn,YIPF2
CD8_TRM-Lung_vs_LDLN_dn,NSUN5
CD8_TRM-Lung_vs_LDLN_dn,SMPDL3A
CD8_TRM-Lung_vs_LDLN_dn,ILKAP
CD8_TRM-Lung_vs_LDLN_dn,TRBV5-4
CD8_TRM-Lung_vs_LDLN_dn,ITPA
CD8_TRM-Lung_vs_LDLN_dn,PRDX5
CD8_TRM-Lung_vs_LDLN_dn,PSMG4
CD8_TRM-Lung_vs_LDLN_dn,RBP4
CD8_TRM-Lung_vs_LDLN_dn,RIN3
CD8_TRM-Lung_vs_LDLN_dn,APOBR
CD8_TRM-Lung_vs_LDLN_dn,ABCA3
CD8_TRM-Lung_vs_LDLN_dn,TYSND1
CD8_TRM-Lung_vs_LDLN_dn,CXCL16
CD8_TRM-Lung_vs_LDLN_dn,ARHGEF10L
CD8_TRM-Lung_vs_LDLN_dn,CMAS
CD8_TRM-Lung_vs_LDLN_dn,F13A1
CD8_TRM-Lung_vs_LDLN_dn,GALK1
CD8_TRM-Lung_vs_LDLN_dn,BLK
CD8_TRM-Lung_vs_LDLN_dn,SIGLEC10
CD8_TRM-Lung_vs_LDLN_dn,FAM129A
CD8_TRM-Lung_vs_LDLN_dn,TMEM120A
CD8_TRM-Lung_vs_LDLN_dn,GPR107
CD8_TRM-Lung_vs_LDLN_dn,IGHMBP2
CD8_TRM-Lung_vs_LDLN_dn,LTBR
CD8_TRM-Lung_vs_LDLN_dn,LDLRAD3
CD8_TRM-Lung_vs_LDLN_dn,CMKLR1
CD8_TRM-Lung_vs_LDLN_dn,DSE
CD8_TRM-Lung_vs_LDLN_dn,EMILIN2
CD8_TRM-Lung_vs_LDLN_dn,SNX24
CD8_TRM-Lung_vs_LDLN_dn,FIG4
CD8_TRM-Lung_vs_LDLN_dn,TTL
CD8_TRM-Lung_vs_LDLN_dn,KLHDC3
CD8_TRM-Lung_vs_LDLN_dn,SEC11A
CD8_TRM-Lung_vs_LDLN_dn,TNFRSF1A
CD8_TRM-Lung_vs_LDLN_dn,CSF3R
CD8_TRM-Lung_vs_LDLN_dn,CD82
CD8_TRM-Lung_vs_LDLN_dn,CXCR6
CD8_TRM-Lung_vs_LDLN_dn,DAB2
CD8_TRM-Lung_vs_LDLN_dn,SLC16A13
CD8_TRM-Lung_vs_LDLN_dn,IRAK3
CD8_TRM-Lung_vs_LDLN_dn,GFM2
CD8_TRM-Lung_vs_LDLN_dn,H2AFY
CD8_TRM-Lung_vs_LDLN_dn,AP4M1
CD8_TRM-Lung_vs_LDLN_dn,PLD3
CD8_TRM-Lung_vs_LDLN_dn,RNASE2
CD8_TRM-Lung_vs_LDLN_dn,METTL18
CD8_TRM-Lung_vs_LDLN_dn,MSR1
CD8_TRM-Lung_vs_LDLN_dn,SSH3
CD8_TRM-Lung_vs_LDLN_dn,FKBP1A
CD8_TRM-Lung_vs_LDLN_dn,CTNNA1
CD8_TRM-Lung_vs_LDLN_dn,CTSS
CD8_TRM-Lung_vs_LDLN_dn,DDIT4
CD8_TRM-Lung_vs_LDLN_dn,SELENBP1
CD8_TRM-Lung_vs_LDLN_dn,FCGR1A
CD8_TRM-Lung_vs_LDLN_dn,GDE1
CD8_TRM-Lung_vs_LDLN_dn,RASGRP1
CD8_TRM-Lung_vs_LDLN_dn,GDF15
CD8_TRM-Lung_vs_LDLN_dn,APLP2
CD8_TRM-Lung_vs_LDLN_dn,PSMD4
CD8_TRM-Lung_vs_LDLN_dn,ADAM12
CD8_TRM-Lung_vs_LDLN_dn,TRIM7
CD8_TRM-Lung_vs_LDLN_dn,HSP90AA1
CD8_TRM-Lung_vs_LDLN_dn,RAB3D
CD8_TRM-Lung_vs_LDLN_dn,GALNS
CD8_TRM-Lung_vs_LDLN_dn,PTX3
CD8_TRM-Lung_vs_LDLN_dn,SP140L
CD8_TRM-Lung_vs_LDLN_dn,ATP5G1
CD8_TRM-Lung_vs_LDLN_dn,LYPLAL1
CD8_TRM-Lung_vs_LDLN_dn,BLCAP
CD8_TRM-Lung_vs_LDLN_dn,HMGCL
CD8_TRM-Lung_vs_LDLN_dn,UBXN2B
CD8_TRM-Lung_vs_LDLN_dn,AIFM2
CD8_TRM-Lung_vs_LDLN_dn,ADAM9
CD8_TRM-Lung_vs_LDLN_dn,NME7
CD8_TRM-Lung_vs_LDLN_dn,CCDC124
CD8_TRM-Lung_vs_LDLN_dn,SH3BGRL3
CD8_TRM-Lung_vs_LDLN_dn,KRIT1
CD8_TRM-Lung_vs_LDLN_dn,BET1L
CD8_TRM-Lung_vs_LDLN_dn,MBLAC2
CD8_TRM-Lung_vs_LDLN_dn,SLC25A15
CD8_TRM-Lung_vs_LDLN_dn,ZNF318
CD8_TRM-Lung_vs_LDLN_dn,NME1
CD8_TRM-Lung_vs_LDLN_dn,TTC13
CD8_TRM-Lung_vs_LDLN_dn,RAB32
CD8_TRM-Lung_vs_LDLN_dn,SFTPA1
CD8_TRM-Lung_vs_LDLN_dn,GPRC5A
CD8_TRM-Lung_vs_LDLN_dn,TOR1B
CD8_TRM-Lung_vs_LDLN_dn,IFITM10
CD8_TRM-Lung_vs_LDLN_dn,AVEN
CD8_TRM-Lung_vs_LDLN_dn,SLC22A15
CD8_TRM-Lung_vs_LDLN_dn,C10orf10
CD8_TRM-Lung_vs_LDLN_dn,PPARG
CD8_TRM-Lung_vs_LDLN_dn,LIX1L
CD8_TRM-Lung_vs_LDLN_dn,CD300LF
CD8_TRM-Lung_vs_LDLN_dn,RASSF2
CD8_TRM-Lung_vs_LDLN_dn,A2M
CD8_TRM-Lung_vs_LDLN_dn,YIF1B
CD8_TRM-Lung_vs_LDLN_dn,RHBDF2
CD8_TRM-Lung_vs_LDLN_dn,CHP1
CD8_TRM-Lung_vs_LDLN_dn,AZI2
CD8_TRM-Lung_vs_LDLN_dn,CALHM2
CD8_TRM-Lung_vs_LDLN_dn,KNOP1
CD8_TRM-Lung_vs_LDLN_dn,RPS27L
CD8_TRM-Lung_vs_LDLN_dn,SLC29A1
CD8_TRM-Lung_vs_LDLN_dn,UBE2E3
CD8_TRM-Lung_vs_LDLN_dn,SEC22A
CD8_TRM-Lung_vs_LDLN_dn,HCK
CD8_TRM-Lung_vs_LDLN_dn,PPCDC
CD8_TRM-Lung_vs_LDLN_dn,HLA-DRB5
CD8_TRM-Lung_vs_LDLN_dn,ENPP4
CD8_TRM-Lung_vs_LDLN_dn,FGR
CD8_TRM-Lung_vs_LDLN_dn,MFSD3
CD8_TRM-Lung_vs_LDLN_dn,OAS1
CD8_TRM-Lung_vs_LDLN_dn,AVL9
CD8_TRM-Lung_vs_LDLN_dn,SDF4
CD8_TRM-Lung_vs_LDLN_dn,WRAP73
CD8_TRM-Lung_vs_LDLN_dn,LRRC25
CD8_TRM-Lung_vs_LDLN_dn,SLC25A20
CD8_TRM-Lung_vs_LDLN_dn,LCN2
CD8_TRM-Lung_vs_LDLN_dn,GCNT1
CD8_TRM-Lung_vs_LDLN_dn,GLUL
CD8_TRM-Lung_vs_LDLN_dn,SCD
CD8_TRM-Lung_vs_LDLN_dn,TRPT1
CD8_TRM-Lung_vs_LDLN_dn,PCOLCE2
CD8_TRM-Lung_vs_LDLN_dn,COPS7A
CD8_TRM-Lung_vs_LDLN_dn,SH3BP2
CD8_TRM-Lung_vs_LDLN_dn,E2F1
CD8_TRM-Lung_vs_LDLN_dn,TNFSF13B
CD8_TRM-Lung_vs_LDLN_dn,APOLD1
CD8_TRM-Lung_vs_LDLN_dn,RACGAP1
CD8_TRM-Lung_vs_LDLN_dn,ATP6V1E1
CD8_TRM-Lung_vs_LDLN_dn,MR1
CD8_TRM-Lung_vs_LDLN_dn,ALDH1B1
CD8_TRM-Lung_vs_LDLN_dn,IRF5
CD8_TRM-Lung_vs_LDLN_dn,ZNF700
CD8_TRM-Lung_vs_LDLN_dn,FBXO46
CD8_TRM-Lung_vs_LDLN_dn,DOK3
CD8_TRM-Lung_vs_LDLN_dn,PRAM1
CD8_TRM-Lung_vs_LDLN_dn,ABHD14B
CD8_TRM-Lung_vs_LDLN_dn,SERPINI1
CD8_TRM-Lung_vs_LDLN_dn,BNIP3L
CD8_TRM-Lung_vs_LDLN_dn,HYPK
CD8_TRM-Lung_vs_LDLN_dn,MXRA7
CD8_TRM-Lung_vs_LDLN_dn,GMNN
CD8_TRM-Lung_vs_LDLN_dn,FAM3C
CD8_TRM-Lung_vs_LDLN_dn,DHX15
CD8_TRM-Lung_vs_LDLN_dn,HIST1H3H
CD8_TRM-Lung_vs_LDLN_dn,MLPH
CD8_TRM-Lung_vs_LDLN_dn,CLEC4A
CD8_TRM-Lung_vs_LDLN_dn,PPP1R14B
CD8_TRM-Lung_vs_LDLN_dn,RHOQ
CD8_TRM-Lung_vs_LDLN_dn,CEBPZOS
CD8_TRM-Lung_vs_LDLN_dn,CALU
CD8_TRM-Lung_vs_LDLN_dn,SPRY2
CD8_TRM-Lung_vs_LDLN_dn,KIAA1671
CD8_TRM-Lung_vs_LDLN_dn,MAP3K6
CD8_TRM-Lung_vs_LDLN_dn,SIRPA
CD8_TRM-Lung_vs_LDLN_dn,CYP1B1
CD8_TRM-Lung_vs_LDLN_dn,ASAH1
CD8_TRM-Lung_vs_LDLN_dn,PHF23
CD8_TRM-Lung_vs_LDLN_dn,LY96
CD8_TRM-Lung_vs_LDLN_dn,SMIM20
CD8_TRM-Lung_vs_LDLN_dn,MICAL1
CD8_TRM-Lung_vs_LDLN_dn,SSH1
CD8_TRM-Lung_vs_LDLN_dn,SPINT1
CD8_TRM-Lung_vs_LDLN_dn,RARRES2
CD8_TRM-Lung_vs_LDLN_dn,ERI2
CD8_TRM-Lung_vs_LDLN_dn,SNX11
CD8_TRM-Lung_vs_LDLN_dn,GADD45G
CD8_TRM-Lung_vs_LDLN_dn,PCBD1
CD8_TRM-Lung_vs_LDLN_dn,GTSF1
CD8_TRM-Lung_vs_LDLN_dn,C9orf89
CD8_TRM-Lung_vs_LDLN_dn,CLCN7
CD8_TRM-Lung_vs_LDLN_dn,IFT46
CD8_TRM-Lung_vs_LDLN_dn,PDIK1L
CD8_TRM-Lung_vs_LDLN_dn,TBX21
CD8_TRM-Lung_vs_LDLN_dn,DPP9
CD8_TRM-Lung_vs_LDLN_dn,SIGLEC1
CD8_TRM-Lung_vs_LDLN_dn,TMEM230
CD8_TRM-Lung_vs_LDLN_dn,DDI2
CD8_TRM-Lung_vs_LDLN_dn,MANBA
CD8_TRM-Lung_vs_LDLN_dn,NCEH1
CD8_TRM-Lung_vs_LDLN_dn,HMGA1
CD8_TRM-Lung_vs_LDLN_dn,ADSL
CD8_TRM-Lung_vs_LDLN_dn,APOBEC3H
CD8_TRM-Lung_vs_LDLN_dn,TLN1
CD8_TRM-Lung_vs_LDLN_dn,MLEC
CD8_TRM-Lung_vs_LDLN_dn,CSE1L
CD8_TRM-Lung_vs_LDLN_dn,PTGR1
CD8_TRM-Lung_vs_LDLN_dn,FUBP1
CD8_TRM-Lung_vs_LDLN_dn,CTBP2
CD8_TRM-Lung_vs_LDLN_dn,THOC3
CD8_TRM-Lung_vs_LDLN_dn,ZNF575
CD8_TRM-Lung_vs_LDLN_dn,MGMT
CD8_TRM-Lung_vs_LDLN_dn,PSAP
CD8_TRM-Lung_vs_LDLN_dn,KRT19
CD8_TRM-Lung_vs_LDLN_dn,CREG1
CD8_TRM-Lung_vs_LDLN_dn,CSF2
CD8_TRM-Lung_vs_LDLN_dn,CTNNAL1
CD8_TRM-Lung_vs_LDLN_dn,SLC27A5
CD8_TRM-Lung_vs_LDLN_dn,SNX10
CD8_TRM-Lung_vs_LDLN_dn,BST2
CD8_TRM-Lung_vs_LDLN_dn,IL15RA
CD8_TRM-Lung_vs_LDLN_dn,MRPL18
CD8_TRM-Lung_vs_LDLN_dn,SLPI
CD8_TRM-Lung_vs_LDLN_dn,COMMD8
CD8_TRM-Lung_vs_LDLN_dn,JAZF1
CD8_TRM-Lung_vs_LDLN_dn,MGP
CD8_TRM-Lung_vs_LDLN_dn,RPA3OS
CD8_TRM-Lung_vs_LDLN_dn,LYN
CD8_TRM-Lung_vs_LDLN_dn,C12orf75
CD8_TRM-Lung_vs_LDLN_dn,SHKBP1
CD8_TRM-Lung_vs_LDLN_dn,NUCB1
CD8_TRM-Lung_vs_LDLN_dn,TMEM216
CD8_TRM-Lung_vs_LDLN_dn,LPXN
CD8_TRM-Lung_vs_LDLN_dn,GNPNAT1
CD8_TRM-Lung_vs_LDLN_dn,NCS1
CD8_TRM-Lung_vs_LDLN_dn,FBXO2
CD8_TRM-Lung_vs_LDLN_dn,CDIPT
CD8_TRM-Lung_vs_LDLN_dn,ASGR1
CD8_TRM-Lung_vs_LDLN_dn,HIST1H2AI
CD8_TRM-Lung_vs_LDLN_dn,PPP6R2
CD8_TRM-Lung_vs_LDLN_dn,ATP6V1D
CD8_TRM-Lung_vs_LDLN_dn,CD74
CD8_TRM-Lung_vs_LDLN_dn,STEAP3
CD8_TRM-Lung_vs_LDLN_dn,FKBP4
CD8_TRM-Lung_vs_LDLN_dn,MIF4GD
CD8_TRM-Lung_vs_LDLN_dn,PTPN12
CD8_TRM-Lung_vs_LDLN_dn,THAP4
CD8_TRM-Lung_vs_LDLN_dn,NDUFS8
CD8_TRM-Lung_vs_LDLN_dn,MAPKAPK3
CD8_TRM-Lung_vs_LDLN_dn,NDUFA12
CD8_TRM-Lung_vs_LDLN_dn,SOAT2
CD8_TRM-Lung_vs_LDLN_dn,ZBTB11
CD8_TRM-Lung_vs_LDLN_dn,PLEKHN1
CD8_TRM-Lung_vs_LDLN_dn,ATP6V1B2
CD8_TRM-Lung_vs_LDLN_dn,HIF1AN
CD8_TRM-Lung_vs_LDLN_dn,COPZ1
CD8_TRM-Lung_vs_LDLN_dn,LRP8
CD8_TRM-Lung_vs_LDLN_dn,MVD
CD8_TRM-Lung_vs_LDLN_dn,TBX19
CD8_TRM-Lung_vs_LDLN_dn,TXN
CD8_TRM-Lung_vs_LDLN_dn,APOL1
CD8_TRM-Lung_vs_LDLN_dn,F3
CD8_TRM-Lung_vs_LDLN_dn,GPR114
CD8_TRM-Lung_vs_LDLN_dn,IER3IP1
CD8_TRM-Lung_vs_LDLN_dn,RGS18
CD8_TRM-Lung_vs_LDLN_dn,AZIN2
CD8_TRM-Lung_vs_LDLN_dn,TMEM14C
CD8_TRM-Lung_vs_LDLN_dn,FADS1
CD8_TRM-Lung_vs_LDLN_dn,FFAR4
CD8_TRM-Lung_vs_LDLN_dn,RAB42
CD8_TRM-Lung_vs_LDLN_dn,PELO
CD8_TRM-Lung_vs_LDLN_dn,MFF
CD8_TRM-Lung_vs_LDLN_dn,CD151
CD8_TRM-Lung_vs_LDLN_dn,FAM178A
CD8_TRM-Lung_vs_LDLN_dn,MKNK1
CD8_TRM-Lung_vs_LDLN_dn,CLPB
CD8_TRM-Lung_vs_LDLN_dn,CD70
CD8_TRM-Lung_vs_LDLN_dn,TAPBPL
CD8_TRM-Lung_vs_LDLN_dn,TIPRL
CD8_TRM-Lung_vs_LDLN_dn,LSM4
CD8_TRM-Lung_vs_LDLN_dn,TCTN1
CD8_TRM-Lung_vs_LDLN_dn,MPST
CD8_TRM-Lung_vs_LDLN_dn,ENG
CD8_TRM-Lung_vs_LDLN_dn,CDKN2C
CD8_TRM-Lung_vs_LDLN_dn,SP140
CD8_TRM-Lung_vs_LDLN_dn,MOB3A
CD8_TRM-Lung_vs_LDLN_dn,DAP3
CD8_TRM-Lung_vs_LDLN_dn,KIAA1598
CD8_TRM-Lung_vs_LDLN_dn,SGCE
CD8_TRM-Lung_vs_LDLN_dn,MRPL52
CD8_TRM-Lung_vs_LDLN_dn,TTLL12
CD8_TRM-Lung_vs_LDLN_dn,CD300A
CD8_TRM-Lung_vs_LDLN_dn,CASP10
CD8_TRM-Lung_vs_LDLN_dn,ARL3
CD8_TRM-Lung_vs_LDLN_dn,SIGLEC7
CD8_TRM-Lung_vs_LDLN_dn,DRAXIN
CD8_TRM-Lung_vs_LDLN_dn,SHMT2
CD8_TRM-Lung_vs_LDLN_dn,ACTR1B
CD8_TRM-Lung_vs_LDLN_dn,MFSD6
CD8_TRM-Lung_vs_LDLN_dn,PITRM1
CD8_TRM-Lung_vs_LDLN_dn,ETFA
CD8_TRM-Lung_vs_LDLN_dn,DHRS3
CD8_TRM-Lung_vs_LDLN_dn,IL10
CD8_TRM-Lung_vs_LDLN_dn,CTDSP1
CD8_TRM-Lung_vs_LDLN_dn,EREG
CD8_TRM-Lung_vs_LDLN_dn,SORT1
CD8_TRM-Lung_vs_LDLN_dn,SLC47A1
CD8_TRM-Lung_vs_LDLN_dn,PCTP
CD8_TRM-Lung_vs_LDLN_dn,RCC1
CD8_TRM-Lung_vs_LDLN_dn,SGCB
CD8_TRM-Lung_vs_LDLN_dn,PMVK
CD8_TRM-Lung_vs_LDLN_dn,HADHB
CD8_TRM-Lung_vs_LDLN_dn,MAPK9
CD8_TRM-Lung_vs_LDLN_dn,ZDHHC2
CD8_TRM-Lung_vs_LDLN_dn,BATF
CD8_TRM-Lung_vs_LDLN_dn,MYD88
CD8_TRM-Lung_vs_LDLN_dn,AAAS
CD8_TRM-Lung_vs_LDLN_dn,B4GALT5
CD8_TRM-Lung_vs_LDLN_dn,SIGLEC9
CD8_TRM-Lung_vs_LDLN_dn,GAA
CD8_TRM-Lung_vs_LDLN_dn,CPQ
CD8_TRM-Lung_vs_LDLN_dn,CXCL1
CD8_TRM-Lung_vs_LDLN_dn,VMP1
CD8_TRM-Lung_vs_LDLN_dn,SUCLA2
CD8_TRM-Lung_vs_LDLN_dn,GZMH
CD8_TRM-Lung_vs_LDLN_dn,WDR61
CD8_TRM-Lung_vs_LDLN_dn,ACN9
CD8_TRM-Lung_vs_LDLN_dn,GPBAR1
CD8_TRM-Lung_vs_LDLN_dn,KIAA1211L
CD8_TRM-Lung_vs_LDLN_dn,CTNNBL1
CD8_TRM-Lung_vs_LDLN_dn,ACER3
CD8_TRM-Lung_vs_LDLN_dn,NOC3L
CD8_TRM-Lung_vs_LDLN_dn,NMT1
CD8_TRM-Lung_vs_LDLN_dn,IL2RA
CD8_TRM-Lung_vs_LDLN_dn,NUDT21
CD8_TRM-Lung_vs_LDLN_dn,ST7
CD8_TRM-Lung_vs_LDLN_dn,PROCR
CD8_TRM-Lung_vs_LDLN_dn,AMDHD2
CD8_TRM-Lung_vs_LDLN_dn,TRIQK
CD8_TRM-Lung_vs_LDLN_dn,PCNA
CD8_TRM-Lung_vs_LDLN_dn,VTI1B
CD8_TRM-Lung_vs_LDLN_dn,RUVBL1
CD8_TRM-Lung_vs_LDLN_dn,SEMA6B
CD8_TRM-Lung_vs_LDLN_dn,TMEM97
CD8_TRM-Lung_vs_LDLN_dn,NR4A1
CD8_TRM-Lung_vs_LDLN_dn,CYFIP1
CD8_TRM-Lung_vs_LDLN_dn,MGST2
CD8_TRM-Lung_vs_LDLN_dn,KCNMA1
CD8_TRM-Lung_vs_LDLN_dn,STX3
CD8_TRM-Lung_vs_LDLN_dn,CCR1
CD8_TRM-Lung_vs_LDLN_dn,TPD52
CD8_TRM-Lung_vs_LDLN_dn,JKAMP
CD8_TRM-Lung_vs_LDLN_dn,RNASE6
CD8_TRM-Lung_vs_LDLN_dn,MOB4
CD8_TRM-Lung_vs_LDLN_dn,CEP41
CD8_TRM-Lung_vs_LDLN_dn,GLCE
CD8_TRM-Lung_vs_LDLN_dn,HSP90AB1
CD8_TRM-Lung_vs_LDLN_dn,MINPP1
CD8_TRM-Lung_vs_LDLN_dn,MYO1G
CD8_TRM-Lung_vs_LDLN_dn,HGSNAT
CD8_TRM-Lung_vs_LDLN_dn,LYRM1
CD8_TRM-Lung_vs_LDLN_dn,KCTD10
CD8_TRM-Lung_vs_LDLN_dn,CBR1
CD8_TRM-Lung_vs_LDLN_dn,ARHGAP18
CD8_TRM-Lung_vs_LDLN_dn,TPST1
CD8_TRM-Lung_vs_LDLN_dn,CARD16
CD8_TRM-Lung_vs_LDLN_dn,UROD
CD8_TRM-Lung_vs_LDLN_dn,TMEM261
CD8_TRM-Lung_vs_LDLN_dn,GINS2
CD8_TRM-Lung_vs_LDLN_dn,LEPROT
CD8_TRM-Lung_vs_LDLN_dn,ITGB7
CD8_TRM-Lung_vs_LDLN_dn,RAB11FIP5
CD8_TRM-Lung_vs_LDLN_dn,MAD2L2
CD8_TRM-Lung_vs_LDLN_dn,FOCAD
CD8_TRM-Lung_vs_LDLN_dn,PDCD6IP
CD8_TRM-Lung_vs_LDLN_dn,TSEN15
CD8_TRM-Lung_vs_LDLN_dn,CTSZ
CD8_TRM-Lung_vs_LDLN_dn,PTGS2
CD8_TRM-Lung_vs_LDLN_dn,SNX6
CD8_TRM-Lung_vs_LDLN_dn,BLOC1S5
CD8_TRM-Lung_vs_LDLN_dn,THBS1
CD8_TRM-Lung_vs_LDLN_dn,ROGDI
CD8_TRM-Lung_vs_LDLN_dn,TROVE2
CD8_TRM-Lung_vs_LDLN_dn,LLGL2
CD8_TRM-Lung_vs_LDLN_dn,DCUN1D1
CD8_TRM-Lung_vs_LDLN_dn,FAM149B1
CD8_TRM-Lung_vs_LDLN_dn,PTTG1IP
CD8_TRM-Lung_vs_LDLN_dn,COQ5
CD8_TRM-Lung_vs_LDLN_dn,CDKN1A
CD8_TRM-Lung_vs_LDLN_dn,DYNC1LI1
CD8_TRM-Lung_vs_LDLN_dn,ACOT8
CD8_TRM-Lung_vs_LDLN_dn,GTF2H5
CD8_TRM-Lung_vs_LDLN_dn,HIST1H2AG
CD8_TRM-Lung_vs_LDLN_dn,ABCG1
CD8_TRM-Lung_vs_LDLN_dn,IFI30
CD8_TRM-Lung_vs_LDLN_dn,FBXO25
CD8_TRM-Lung_vs_LDLN_dn,CLDN4
CD8_TRM-Lung_vs_LDLN_dn,CSTF1
CD8_TRM-Lung_vs_LDLN_dn,LY86
CD8_TRM-Lung_vs_LDLN_dn,NCF4
CD8_TRM-Lung_vs_LDLN_dn,HEXB
CD8_TRM-Lung_vs_LDLN_dn,YIF1A
CD8_TRM-Lung_vs_LDLN_dn,IL10RB
CD8_TRM-Lung_vs_LDLN_dn,SPR
CD8_TRM-Lung_vs_LDLN_dn,KLF4
CD8_TRM-Lung_vs_LDLN_dn,AK2
CD8_TRM-Lung_vs_LDLN_dn,IGFBP4
CD8_TRM-Lung_vs_LDLN_dn,TBC1D31
CD8_TRM-Lung_vs_LDLN_dn,SLC6A6
CD8_TRM-Lung_vs_LDLN_dn,PLXDC1
CD8_TRM-Lung_vs_LDLN_dn,FABP3
CD8_TRM-Lung_vs_LDLN_dn,SIRPB1
CD8_TRM-Lung_vs_LDLN_dn,KIAA0319L
CD8_TRM-Lung_vs_LDLN_dn,DCLRE1B
CD8_TRM-Lung_vs_LDLN_dn,SPARCL1
CD8_TRM-Lung_vs_LDLN_dn,B3GNT9
CD8_TRM-Lung_vs_LDLN_dn,NAA50
CD8_TRM-Lung_vs_LDLN_dn,UBLCP1
CD8_TRM-Lung_vs_LDLN_dn,CCR2
CD8_TRM-Lung_vs_LDLN_dn,RNF115
CD8_TRM-Lung_vs_LDLN_dn,SMOX
CD8_TRM-Lung_vs_LDLN_dn,SPRYD3
CD8_TRM-Lung_vs_LDLN_dn,CCRL2
CD8_TRM-Lung_vs_LDLN_dn,FOLR2
CD8_TRM-Lung_vs_LDLN_dn,CLEC7A
CD8_TRM-Lung_vs_LDLN_dn,RFXAP
CD8_TRM-Lung_vs_LDLN_dn,UVSSA
CD8_TRM-Lung_vs_LDLN_dn,EPHX1
CD8_TRM-Lung_vs_LDLN_dn,ARHGAP1
CD8_TRM-Lung_vs_LDLN_dn,ACKR3
CD8_TRM-Lung_vs_LDLN_dn,ZDHHC1
CD8_TRM-Lung_vs_LDLN_dn,EFR3A
CD8_TRM-Lung_vs_LDLN_dn,VAT1
CD8_TRM-Lung_vs_LDLN_dn,PRDX3
CD8_TRM-Lung_vs_LDLN_dn,PBX3
CD8_TRM-Lung_vs_LDLN_dn,HNRNPAB
CD8_TRM-Lung_vs_LDLN_dn,TXNL1
CD8_TRM-Lung_vs_LDLN_dn,TMBIM1
CD8_TRM-Lung_vs_LDLN_dn,HCAR2
CD8_TRM-Lung_vs_LDLN_dn,CSF1R
CD8_TRM-Lung_vs_LDLN_dn,VDR
CD8_TRM-Lung_vs_LDLN_dn,PEX5
CD8_TRM-Lung_vs_LDLN_dn,SDHAF1
CD8_TRM-Lung_vs_LDLN_dn,G2E3
CD8_TRM-Lung_vs_LDLN_dn,BCL3
CD8_TRM-Lung_vs_LDLN_dn,TIAM2
CD8_TRM-Lung_vs_LDLN_dn,IL4I1
CD8_TRM-Lung_vs_LDLN_dn,CNN2
CD8_TRM-Lung_vs_LDLN_dn,TBC1D16
CD8_TRM-Lung_vs_LDLN_dn,PTPRE
CD8_TRM-Lung_vs_LDLN_dn,TRIM38
CD8_TRM-Lung_vs_LDLN_dn,TBC1D1
CD8_TRM-Lung_vs_LDLN_dn,RAP1A
CD8_TRM-Lung_vs_LDLN_dn,RARRES1
CD8_TRM-Lung_vs_LDLN_dn,ABCG2
CD8_TRM-Lung_vs_LDLN_dn,COMTD1
CD8_TRM-Lung_vs_LDLN_dn,ASNA1
CD8_TRM-Lung_vs_LDLN_dn,TKT
CD8_TRM-Lung_vs_LDLN_dn,PSMA5
CD8_TRM-Lung_vs_LDLN_dn,ALDH16A1
CD8_TRM-Lung_vs_LDLN_dn,ADAP1
CD8_TRM-Lung_vs_LDLN_dn,AKR1C3
CD8_TRM-Lung_vs_LDLN_dn,CSTB
CD8_TRM-Lung_vs_LDLN_dn,PRKAR1A
CD8_TRM-Lung_vs_LDLN_dn,ZDHHC18
CD8_TRM-Lung_vs_LDLN_dn,TCEANC2
CD8_TRM-Lung_vs_LDLN_dn,PPP2R5A
CD8_TRM-Lung_vs_LDLN_dn,IFI44
CD8_TRM-Lung_vs_LDLN_dn,STX8
CD8_TRM-Lung_vs_LDLN_dn,C4BPA
CD8_TRM-Lung_vs_LDLN_dn,IRF3
CD8_TRM-Lung_vs_LDLN_dn,DCN
CD8_TRM-Lung_vs_LDLN_dn,SRP68
CD8_TRM-Lung_vs_LDLN_dn,FAH
CD8_TRM-Lung_vs_LDLN_dn,FLVCR2
CD8_TRM-Lung_vs_LDLN_dn,MIEF2
CD8_TRM-Lung_vs_LDLN_dn,ITGA5
CD8_TRM-Lung_vs_LDLN_dn,ST3GAL6
CD8_TRM-Lung_vs_LDLN_dn,PAICS
CD8_TRM-Lung_vs_LDLN_dn,FASLG
CD8_TRM-Lung_vs_LDLN_dn,LMO2
CD8_TRM-Lung_vs_LDLN_dn,APOL4
