gs_name,ensembl_id,gene_symbol
Classical monocytes,ENSG00000157168.14,Nrg1
Classical monocytes,ENSG00000179593.11,Alox8
Classical monocytes,ENSG00000161944.12,Asgr2
Classical monocytes,ENSG00000166527.3,Clec4D
Classical monocytes,ENSG00000177575.8,Cd163
Classical monocytes,ENSG00000197632.4,Serpinb2
Classical monocytes,ENSG00000205846.3,Clec4N
Classical monocytes,ENSG00000166523.3,Clec4E
Classical monocytes,ENSG00000010327.6,Stab1
Classical monocytes,ENSG00000242550.1,Serpinb10
Classical monocytes,ENSG00000124491.11,F13A1
Classical monocytes,ENSG00000112715.16,Vegfa
Classical monocytes,ENSG00000108691.5,Ccl2
Classical monocytes,ENSG00000157445.10,Cacna2D3
Classical monocytes,ENSG00000154736.5,Adamts5
Classical monocytes,ENSG00000127954.8,Steap4
Classical monocytes,ENSG00000158270.10,Colec12
Classical monocytes,ENSG00000257017.4,Hp
Classical monocytes,ENSG00000121807.5,Ccr2
Classical monocytes,ENSG00000117115.8,Padi2
Classical monocytes,ENSG00000146070.12,Pla2G7
Classical monocytes,ENSG00000172037.9,Lamb2
Classical monocytes,ENSG00000258227.2,Clec5A
Classical monocytes,ENSG00000173391.4,Olr1
Classical monocytes,ENSG00000213694.3,S1Pr3
Classical monocytes,ENSG00000073150.9,Panx2
Classical monocytes,ENSG00000004809.9,Slc22A16
Classical monocytes,ENSG00000135929.4,Cyp27A1
Classical monocytes,ENSG00000103196.7,Crispld2
Classical monocytes,ENSG00000165685.4,Tmem52B
Classical monocytes,ENSG00000115828.11,Qpct
Classical monocytes,ENSG00000167600.9,Cyp2S1
Classical monocytes,ENSG00000101425.8,Bpi
Classical monocytes,ENSG00000128283.6,Cdc42Ep1
Classical monocytes,ENSG00000164509.9,Il31Ra
Classical monocytes,ENSG00000170458.9,Cd14
Classical monocytes,ENSG00000143546.5,S100A8
Classical monocytes,ENSG00000198848.8,Ces1A
Classical monocytes,ENSG00000175592.4,Fosl1
Classical monocytes,ENSG00000001617.7,Sema3F
Classical monocytes,ENSG00000123342.11,Mmp19
Classical monocytes,ENSG00000100079.5,Lgals2
Classical monocytes,ENSG00000125538.7,Il1B
Classical monocytes,ENSG00000184292.5,Tacstd2
Classical monocytes,ENSG00000111199.6,Trpv4
Classical monocytes,ENSG00000133105.3,Rxfp2
Classical monocytes,ENSG00000133317.10,Lgals12
Classical monocytes,ENSG00000155659.10,Vsig4
Classical monocytes,ENSG00000214274.5,Ang
Classical monocytes,ENSG00000115590.9,Il1R2
Classical monocytes,ENSG00000134769.17,Dtna
Classical monocytes,ENSG00000137726.11,Fxyd6
Classical monocytes,ENSG00000137801.9,Thbs1
Classical monocytes,ENSG00000169385.2,Rnase2A
Classical monocytes,ENSG00000115009.7,Ccl20
Classical monocytes,ENSG00000165474.5,Gjb2
Classical monocytes,ENSG00000132514.9,Clec10A
Classical monocytes,ENSG00000038427.11,Vcan
Classical monocytes,ENSG00000115594.7,Il1R1
Classical monocytes,ENSG00000165092.8,Aldh1A1
Classical monocytes,ENSG00000157551.13,Kcnj15
Classical monocytes,ENSG00000124882.3,Ereg
Classical monocytes,ENSG00000249992.1,Tmem158
Classical monocytes,ENSG00000134531.5,Emp1
Classical monocytes,ENSG00000137474.15,Myo7A
Classical monocytes,ENSG00000122861.11,Plau
Classical monocytes,ENSG00000163220.10,S100A9
Classical monocytes,ENSG00000088827.8,Siglec1
Classical monocytes,ENSG00000181649.5,Phlda2
Classical monocytes,ENSG00000163421.4,Prok2
Classical monocytes,ENSG00000179639.6,Fcer1A
Classical monocytes,ENSG00000146592.12,Creb5
Classical monocytes,ENSG00000152315.4,Kcnk13
Classical monocytes,ENSG00000116729.9,Wls
Classical monocytes,ENSG00000013588.5,Gprc5A
Classical monocytes,ENSG00000136630.11,Hlx
Classical monocytes,ENSG00000153012.7,Lgi2
Classical monocytes,ENSG00000008394.8,Mgst1
Classical monocytes,ENSG00000167680.11,Sema6B
Classical monocytes,ENSG00000088826.13,Smox
Classical monocytes,ENSG00000110077.10,Ms4A6B
Classical monocytes,ENSG00000166033.7,Htra1
Classical monocytes,ENSG00000091262.10,Abcc6
Classical monocytes,ENSG00000081041.8,Cxcl1
Classical monocytes,ENSG00000115598.5,Il1Rl2
Classical monocytes,ENSG00000099250.13,Nrp1
Classical monocytes,ENSG00000124145.5,Sdc4
Classical monocytes,ENSG00000090659.13,Cd209A
Classical monocytes,ENSG00000159339.9,Padi4
Classical monocytes,ENSG00000139572.3,Gpr84
Classical monocytes,ENSG00000136634.5,Il10
Classical monocytes,ENSG00000175262.10,Gm572
Classical monocytes,ENSG00000177535.6,Olfr222
Classical monocytes,ENSG00000143067.4,Zfp697
Classical monocytes,ENSG00000139567.8,Acvrl1
Classical monocytes,ENSG00000113070.6,Hbegf
Classical monocytes,ENSG00000113140.6,Sparc
Classical monocytes,ENSG00000178789.4,Cd300Lb
Classical monocytes,ENSG00000171812.6,Col8A2
Classical monocytes,ENSG00000109099.9,Pmp22
Classical monocytes,ENSG00000163734.4,Cxcl2
Classical monocytes,ENSG00000180113.11,Tdrd6
Classical monocytes,ENSG00000178175.7,Zfp366
Classical monocytes,ENSG00000187474.4,Fpr3
Classical monocytes,ENSG00000123610.3,Tnfaip6
Classical monocytes,ENSG00000093134.9,Vnn3
Classical monocytes,ENSG00000134755.10,Dsc2
Classical monocytes,ENSG00000090382.2,9530003J23Rik
Classical monocytes,ENSG00000140939.10,Nol3
Classical monocytes,ENSG00000254521.2,Siglece
Classical monocytes,ENSG00000137331.11,Ier3
Classical monocytes,ENSG00000124731.8,Trem1
Classical monocytes,ENSG00000151948.7,Glt1D1
Classical monocytes,ENSG00000104951.11,Il4I1
Classical monocytes,ENSG00000207980.1,Mir23A
Classical monocytes,ENSG00000108244.12,Krt23
Classical monocytes,ENSG00000119535.13,Csf3R
Classical monocytes,ENSG00000197208.5,Slc22A4
Classical monocytes,ENSG00000160789.15,Lmna
Classical monocytes,ENSG00000111186.8,Wnt5B
Classical monocytes,ENSG00000178726.6,Thbd
Classical monocytes,ENSG00000072682.14,P4Ha2
Classical monocytes,ENSG00000204136.6,Ggta1
Classical monocytes,ENSG00000207808.1,Mir27A
Classical monocytes,ENSG00000198053.7,Sirpa
Classical monocytes,ENSG00000163661.3,Ptx3
Classical monocytes,ENSG00000186529.10,Cyp4F13
Classical monocytes,ENSG00000168528.7,Serinc2
Classical monocytes,ENSG00000079215.9,Slc1A3
Classical monocytes,ENSG00000128342.4,Lif
Classical monocytes,ENSG00000162433.10,Ak4
Classical monocytes,ENSG00000176597.7,B3Gnt5
Classical monocytes,ENSG00000099985.3,Osm
Classical monocytes,ENSG00000074660.11,Scarf1
Classical monocytes,ENSG00000073756.7,Ptgs2
Classical monocytes,ENSG00000117525.9,F3
Classical monocytes,ENSG00000189127.3,Ankrd34B
Classical monocytes,ENSG00000115008.5,Il1A
Classical monocytes,ENSG00000197046.7,Siglec15
Classical monocytes,ENSG00000165801.5,Arhgef40
Classical monocytes,ENSG00000135218.13,Cd36
Classical monocytes,ENSG00000123689.5,G0S2
Classical monocytes,ENSG00000255833.1,Tifab
Classical monocytes,ENSG00000122025.10,Flt3
Classical monocytes,ENSG00000169439.7,Sdc2
Classical monocytes,ENSG00000105509.6,Has1
Classical monocytes,ENSG00000164825.3,Defb1
Classical monocytes,ENSG00000169248.8,Cxcl11
Classical monocytes,ENSG00000188056.7,Treml4
Classical monocytes,ENSG00000140932.5,Cmtm2A
Classical monocytes,ENSG00000181634.7,Tnfsf15
Classical monocytes,ENSG00000166920.6,Aa467197
Classical monocytes,ENSG00000180061.5,Tmem150B
Classical monocytes,ENSG00000255587.3,Rab44
Classical monocytes,ENSG00000125968.7,Id1
Classical monocytes,ENSG00000111275.8,Aldh2
Classical monocytes,ENSG00000133808.4,Micalcl
Classical monocytes,ENSG00000171236.9,Lrg1
Classical monocytes,ENSG00000196878.8,Lamb3
Classical monocytes,ENSG00000125869.5,Lamp5
Classical monocytes,ENSG00000204099.7,Neu4
Classical monocytes,ENSG00000149289.6,Zc3H12C
Classical monocytes,ENSG00000129538.9,Rnase1
Classical monocytes,ENSG00000199121.2,Mir26B
Classical monocytes,ENSG00000171714.10,Ano5
Classical monocytes,ENSG00000136689.14,Il1Rn
Classical monocytes,ENSG00000181982.13,Ccdc149
Classical monocytes,ENSG00000051128.14,Homer3
Classical monocytes,ENSG00000135636.9,Dysf
Classical monocytes,ENSG00000121316.6,Plbd1
Classical monocytes,ENSG00000130962.13,Prrg1
Classical monocytes,ENSG00000108179.9,Ppif
Classical monocytes,ENSG00000105967.11,Tfec
Classical monocytes,ENSG00000174776.6,Wdr49
Classical monocytes,ENSG00000188158.10,Nhs
Classical monocytes,ENSG00000150337.9,Fcgr1
Classical monocytes,ENSG00000233276.2,Gpx1
Classical monocytes,ENSG00000136235.11,Gpnmb
Classical monocytes,ENSG00000111052.3,Lin7A
Classical monocytes,ENSG00000204421.2,Ly6G6C
Classical monocytes,ENSG00000133216.12,Ephb2
Classical monocytes,ENSG00000180340.5,Fzd2
Classical monocytes,ENSG00000005381.6,Mpo
Classical monocytes,ENSG00000267519.2,Mir24-2
Classical monocytes,ENSG00000125810.9,Cd93
Classical monocytes,ENSG00000158163.10,Dzip1L
Classical monocytes,ENSG00000175352.6,Nrip3
Classical monocytes,ENSG00000062282.10,Dgat2
Classical monocytes,ENSG00000173083.10,Hpse
Classical monocytes,ENSG00000042493.11,Capg
Classical monocytes,ENSG00000119508.13,Nr4A3
Classical monocytes,ENSG00000104804.3,Tulp2
Classical monocytes,ENSG00000113494.12,Prlr
Classical monocytes,ENSG00000156414.14,Tdrd9
Classical monocytes,ENSG00000162711.12,Nlrp3
Classical monocytes,ENSG00000114204.10,Serpini2
Classical monocytes,ENSG00000158473.6,Cd1D1
Classical monocytes,ENSG00000100985.7,Mmp9
Classical monocytes,ENSG00000139832.3,Rab20
Classical monocytes,ENSG00000141505.7,Asgr1
Classical monocytes,ENSG00000174705.7,Sh3Pxd2B
Classical monocytes,ENSG00000138061.7,Cyp1B1
Classical monocytes,ENSG00000092051.12,Jph4
Classical monocytes,ENSG00000146072.6,Tnfrsf21
Classical monocytes,ENSG00000170153.6,Rnf150
Classical monocytes,ENSG00000118515.7,Sgk1
Classical monocytes,ENSG00000139053.2,Pde6H
Classical monocytes,ENSG00000139410.10,Sdsl
Classical monocytes,ENSG00000103257.4,Slc7A5
Classical monocytes,ENSG00000198121.9,Lpar1
Classical monocytes,ENSG00000176170.9,Sphk1
Classical monocytes,ENSG00000114541.10,Frmd4B
Classical monocytes,ENSG00000170275.10,Crtap
Classical monocytes,ENSG00000011422.7,Plaur
Classical monocytes,ENSG00000106004.4,Hoxa5
Classical monocytes,ENSG00000116096.5,Spr
Classical monocytes,ENSG00000065833.7,Me1
Classical monocytes,ENSG00000182566.8,Clec4G
Classical monocytes,ENSG00000109667.7,Slc2A9
Classical monocytes,ENSG00000182676.4,Ppp1R27
Classical monocytes,ENSG00000145335.11,Snca
Classical monocytes,ENSG00000163823.3,Ccr1
Classical monocytes,ENSG00000198734.6,F5
Classical monocytes,ENSG00000162882.10,Haao
Classical monocytes,ENSG00000165655.14,Zfp503
Classical monocytes,ENSG00000184232.4,Oaf
Classical monocytes,ENSG00000152953.8,Stk32B
Classical monocytes,ENSG00000178814.11,Oplah
Classical monocytes,ENSG00000188389.6,Pdcd1
Classical monocytes,ENSG00000181444.8,Zfp467
Classical monocytes,ENSG00000222040.3,Adra2B
Classical monocytes,ENSG00000030582.12,Grn
Classical monocytes,ENSG00000075618.13,Fscn1
Classical monocytes,ENSG00000006327.9,Tnfrsf12A
Classical monocytes,ENSG00000206557.5,Trim71
Classical monocytes,ENSG00000130529.11,Trpm4
Classical monocytes,ENSG00000155254.8,Marveld1
Classical monocytes,ENSG00000169403.7,Ptafr
Classical monocytes,ENSG00000019102.7,Vsig2
Classical monocytes,ENSG00000244242.1,Ifitm10
Classical monocytes,ENSG00000115107.15,Steap3
Classical monocytes,ENSG00000109743.6,Bst1
Classical monocytes,ENSG00000134463.10,Echdc3
Classical monocytes,ENSG00000176641.6,Rnf152
Classical monocytes,ENSG00000165457.9,Folr2
Classical monocytes,ENSG00000128311.9,Tst
Classical monocytes,ENSG00000157227.8,Mmp14
Classical monocytes,ENSG00000111981.4,Ulbp1
Classical monocytes,ENSG00000104918.4,Retn
Classical monocytes,ENSG00000186188.6,Ffar4
Classical monocytes,ENSG00000211445.7,Gpx3
Classical monocytes,ENSG00000117480.11,Faah
Classical monocytes,ENSG00000169413.2,Rnase6
Classical monocytes,ENSG00000124216.3,Snai1
Classical monocytes,ENSG00000162444.11,Rbp7
Classical monocytes,ENSG00000166592.7,Rrad
Classical monocytes,ENSG00000106976.14,Dnm1
Classical monocytes,ENSG00000164251.4,F2Rl1
Classical monocytes,ENSG00000161714.7,Plcd3
Classical monocytes,ENSG00000112053.9,Slc26A8
Classical monocytes,ENSG00000186642.11,Pde2A
Classical monocytes,ENSG00000168389.13,Mfsd2A
Classical monocytes,ENSG00000143545.4,Rab13
Classical monocytes,ENSG00000151693.5,Asap2
Classical monocytes,ENSG00000159374.13,M1Ap
Classical monocytes,ENSG00000171051.4,Fpr1
Classical monocytes,ENSG00000135094.6,Sds
Classical monocytes,ENSG00000149418.6,St14
Classical monocytes,ENSG00000101384.7,Jag1
Classical monocytes,ENSG00000149573.4,Mpzl2
Classical monocytes,ENSG00000159399.5,Hk2
Classical monocytes,ENSG00000167210.12,Loxhd1
Classical monocytes,ENSG00000144597.9,Eaf1
Classical monocytes,ENSG00000102007.6,Plp2
Classical monocytes,ENSG00000171174.9,Rbks
Classical monocytes,ENSG00000070019.3,Gucy2C
Classical monocytes,ENSG00000154856.8,Apcdd1
Classical monocytes,ENSG00000185972.4,Ccin
Classical monocytes,ENSG00000140848.12,Cpne2
Classical monocytes,ENSG00000116990.9,Mycl
Classical monocytes,ENSG00000164920.5,Osr2
Classical monocytes,ENSG00000259001.2,Rpph1
Classical monocytes,ENSG00000090013.5,Blvrb
Classical monocytes,ENSG00000141447.12,Osbpl1A
Classical monocytes,ENSG00000043591.4,Adrb1
Classical monocytes,ENSG00000103569.5,Aqp9
Classical monocytes,ENSG00000085871.4,Mgst2
Classical monocytes,ENSG00000006118.10,Tmem132A
Classical monocytes,ENSG00000106546.8,Ahr
Classical monocytes,ENSG00000135678.7,Cpm
Classical monocytes,ENSG00000249437.3,Naip1
Classical monocytes,ENSG00000134222.12,Psrc1
Classical monocytes,ENSG00000136026.9,Ckap4
Classical monocytes,ENSG00000198805.7,Pnp
Classical monocytes,ENSG00000122547.6,Eepd1
Classical monocytes,ENSG00000019169.9,Marco
Classical monocytes,ENSG00000168268.6,Nt5Dc2
Classical monocytes,ENSG00000198853.7,Rusc2
Classical monocytes,ENSG00000152377.8,Spock1
Classical monocytes,ENSG00000060558.3,Gna15
Classical monocytes,ENSG00000153823.14,Pid1
Classical monocytes,ENSG00000132334.12,Ptpre
Classical monocytes,ENSG00000069399.8,Bcl3
Classical monocytes,ENSG00000138755.5,Cxcl9
Classical monocytes,ENSG00000008516.12,Mmp25
Classical monocytes,ENSG00000125657.3,Tnfsf9
Classical monocytes,ENSG00000138829.6,Fbn2
Classical monocytes,ENSG00000072840.8,Evc
Classical monocytes,ENSG00000164403.10,Shroom1
Classical monocytes,ENSG00000055957.6,Itih1
Classical monocytes,ENSG00000164023.10,Sgms2
Classical monocytes,ENSG00000131187.5,F12
Classical monocytes,ENSG00000003147.13,Ica1
Classical monocytes,ENSG00000105048.12,Tnnt1
Classical monocytes,ENSG00000132681.12,Atp1A4
Classical monocytes,ENSG00000082014.12,Smarcd3
Classical monocytes,ENSG00000085265.6,Fcnb
Classical monocytes,ENSG00000070731.5,St6Galnac2
Classical monocytes,ENSG00000139112.6,Gabarapl1
Classical monocytes,ENSG00000197272.2,Il27
Classical monocytes,ENSG00000166578.5,Iqcd
Classical monocytes,ENSG00000167874.6,Tmem88
Classical monocytes,ENSG00000170837.2,Gpr27
Classical monocytes,ENSG00000049860.9,Hexb
Classical monocytes,ENSG00000142405.17,Nlrp12
Classical monocytes,ENSG00000142494.9,Slc47A1
Classical monocytes,ENSG00000074964.12,Arhgef10L
Classical monocytes,ENSG00000123405.9,Nfe2
Classical monocytes,ENSG00000133816.9,Mical2
Classical monocytes,ENSG00000101188.4,Ntsr1
Classical monocytes,ENSG00000131724.6,Il13Ra1
Classical monocytes,ENSG00000107821.10,Kazald1
Classical monocytes,ENSG00000140332.11,Tle3
Classical monocytes,ENSG00000197006.9,Mettl9
Classical monocytes,ENSG00000250510.3,Gpr162
Classical monocytes,ENSG00000166825.9,Anpep
Classical monocytes,ENSG00000125812.11,Gzf1
Classical monocytes,ENSG00000185340.11,Gas2L1
Classical monocytes,ENSG00000090339.4,Icam1
Classical monocytes,ENSG00000100365.10,Ncf4
Classical monocytes,ENSG00000076067.7,Rbms2
Classical monocytes,ENSG00000170190.11,Slc16A5
Classical monocytes,ENSG00000143537.9,Adam15
Classical monocytes,ENSG00000102878.11,Hsf4
Classical monocytes,ENSG00000166900.10,Stx3
Classical monocytes,ENSG00000165886.4,Ubtd1
Classical monocytes,ENSG00000176834.9,Vsig10
Classical monocytes,ENSG00000165424.6,Zcchc24
Classical monocytes,ENSG00000221869.4,Cebpd
Classical monocytes,ENSG00000165030.3,Nfil3
Classical monocytes,ENSG00000182389.14,Cacnb4
Classical monocytes,ENSG00000207939.1,Mir223
Classical monocytes,ENSG00000135378.3,Prrg4
Classical monocytes,ENSG00000155090.10,Klf10
Classical monocytes,ENSG00000132535.14,Dlg4
Classical monocytes,ENSG00000182782.7,Hcar2
Classical monocytes,ENSG00000160781.11,Paqr6
Classical monocytes,ENSG00000170677.5,Socs6
Classical monocytes,ENSG00000105518.9,Tmem205
Classical monocytes,ENSG00000093010.7,Comt
Classical monocytes,ENSG00000142694.6,Eva1B
Classical monocytes,ENSG00000154146.8,Nrgn
Classical monocytes,ENSG00000137177.14,Kif13A
Classical monocytes,ENSG00000106066.9,Cpvl
Classical monocytes,ENSG00000152766.5,Ankrd22
Classical monocytes,ENSG00000173334.3,Trib1
Classical monocytes,ENSG00000142192.16,App
Classical monocytes,ENSG00000134030.9,Ctif
Classical monocytes,ENSG00000180767.5,Chst13
Classical monocytes,ENSG00000183723.8,Cmtm4
Classical monocytes,ENSG00000002933.3,Tmem176A
Classical monocytes,ENSG00000188483.6,Ier5L
Classical monocytes,ENSG00000105223.14,Pld3
Classical monocytes,ENSG00000181826.5,Rell1
Classical monocytes,ENSG00000188886.3,Astl
Classical monocytes,ENSG00000121552.3,Csta1
Classical monocytes,ENSG00000177706.8,Fam20C
Classical monocytes,ENSG00000075651.11,Pld1
Classical monocytes,ENSG00000153157.8,Sycp2L
Classical monocytes,ENSG00000164850.10,Gper1
Classical monocytes,ENSG00000186193.7,Sapcd2
Classical monocytes,ENSG00000078804.8,Trp53Inp2
Classical monocytes,ENSG00000100300.13,Tspo
Classical monocytes,ENSG00000162772.12,Atf3
Classical monocytes,ENSG00000010278.7,Cd9
Classical monocytes,ENSG00000182511.7,Fes
Classical monocytes,ENSG00000026025.9,Vim
Classical monocytes,ENSG00000148803.7,Fuom
Classical monocytes,ENSG00000100284.16,Tom1
Classical monocytes,ENSG00000146054.13,Trim7
Classical monocytes,ENSG00000143318.8,Casq1
Classical monocytes,ENSG00000053918.11,Kcnq1
Classical monocytes,ENSG00000116260.12,Qsox1
Classical monocytes,ENSG00000151726.9,Acsl1
Classical monocytes,ENSG00000188163.6,Fam166A
Classical monocytes,ENSG00000125505.12,Mboat7
Classical monocytes,ENSG00000137404.10,Nrm
Classical monocytes,ENSG00000175344.12,Chrna7
Classical monocytes,ENSG00000152380.5,Fam151B
Classical monocytes,ENSG00000090924.10,Plekhg2
Classical monocytes,ENSG00000214063.6,Tspan4
Classical monocytes,ENSG00000166579.11,Ndel1
Classical monocytes,ENSG00000243449.2,Gm1673
Classical monocytes,ENSG00000183963.14,Smtn
Classical monocytes,ENSG00000205269.4,Tmem170B
Classical monocytes,ENSG00000271605.1,Milr1
Classical monocytes,ENSG00000179820.11,Myadm
Classical monocytes,ENSG00000130304.12,Slc27A1
Classical monocytes,ENSG00000183741.7,Cbx6
Classical monocytes,ENSG00000165175.11,Mid1Ip1
Classical monocytes,ENSG00000059804.11,Slc2A3
Classical monocytes,ENSG00000176014.8,Tubb6
Classical monocytes,ENSG00000124762.9,Cdkn1A
Classical monocytes,ENSG00000164124.6,Tmem144
Classical monocytes,ENSG00000143162.7,Creg1
Classical monocytes,ENSG00000064601.12,Ctsa
Classical monocytes,ENSG00000115738.5,Id2
Classical monocytes,ENSG00000143384.8,Mcl1
Classical monocytes,ENSG00000177989.9,Odf3B
Classical monocytes,ENSG00000197063.6,Mafg
Classical monocytes,ENSG00000198736.7,Msrb1
Classical monocytes,ENSG00000100302.6,Rasd2
Classical monocytes,ENSG00000105656.8,Ell
Classical monocytes,ENSG00000100906.6,Nfkbia
Classical monocytes,ENSG00000188282.8,Rufy4
Classical monocytes,ENSG00000185339.4,Tcn2
Classical monocytes,ENSG00000108861.4,Dusp3
Classical monocytes,ENSG00000196923.9,Pdlim7
Classical monocytes,ENSG00000073060.11,Scarb1
Classical monocytes,ENSG00000166546.9,Bean1
Classical monocytes,ENSG00000125740.9,Fosb
Classical monocytes,ENSG00000167705.7,Rilp
Classical monocytes,ENSG00000144655.10,Csrnp1
Classical monocytes,ENSG00000100031.14,Ggt1
Classical monocytes,ENSG00000187775.12,Dnah17
Classical monocytes,ENSG00000143797.7,Mboat2
Classical monocytes,ENSG00000111640.10,Gapdh
Classical monocytes,ENSG00000141401.7,Impa2
Classical monocytes,ENSG00000143847.11,Ppfia4
Classical monocytes,ENSG00000121297.6,Tshz3
Classical monocytes,ENSG00000149131.11,Serping1
Classical monocytes,ENSG00000169508.6,Gpr183
Classical monocytes,ENSG00000142733.10,Map3K6
Classical monocytes,ENSG00000134986.9,Nrep
Classical monocytes,ENSG00000130821.11,Slc6A8
Classical monocytes,ENSG00000103966.5,Ehd4
Classical monocytes,ENSG00000007237.14,Gas7
Classical monocytes,ENSG00000141504.7,Sat2
Classical monocytes,ENSG00000136810.8,Txn1
Classical monocytes,ENSG00000135046.9,Anxa1
Classical monocytes,ENSG00000126860.7,Evi2A
Classical monocytes,ENSG00000179104.4,Tmtc2
Classical monocytes,ENSG00000167553.10,Tuba1C
Classical monocytes,ENSG00000158825.5,Cda
Classical monocytes,ENSG00000167207.7,Nod2
Classical monocytes,ENSG00000142657.16,Pgd
Classical monocytes,ENSG00000121933.13,Adora3
Classical monocytes,ENSG00000130881.9,Lrp3
Classical monocytes,ENSG00000242616.3,Gng10
Classical monocytes,ENSG00000142185.12,Trpm2
Classical monocytes,ENSG00000163702.14,Il17Rc
Classical monocytes,ENSG00000177156.6,Taldo1
Classical monocytes,ENSG00000154274.10,0610040J01Rik
Classical monocytes,ENSG00000103811.11,Ctsh
Classical monocytes,ENSG00000104870.8,Fcgrt
Classical monocytes,ENSG00000112799.4,Ly86
Classical monocytes,ENSG00000065485.13,Pdia5
Classical monocytes,ENSG00000180316.7,Pnpla1
Classical monocytes,ENSG00000132170.15,Pparg
Classical monocytes,ENSG00000134247.9,Ptgfrn
Classical monocytes,ENSG00000117984.8,Ctsd
Classical monocytes,ENSG00000158517.9,Ncf1
Classical monocytes,ENSG00000146232.10,Nfkbie
Classical monocytes,ENSG00000137834.10,Smad6
Classical monocytes,ENSG00000084234.12,Aplp2
Classical monocytes,ENSG00000089195.10,Trmt6
Classical monocytes,ENSG00000161642.13,Zfp385A
Classical monocytes,ENSG00000198355.4,Pim3
Classical monocytes,ENSG00000185215.4,Tnfaip2
Classical monocytes,ENSG00000148926.5,Adm
Classical monocytes,ENSG00000197712.7,Fam114A1
Classical monocytes,ENSG00000158792.11,Spata2L
Classical monocytes,ENSG00000165804.11,Zfp219
Classical monocytes,ENSG00000132510.6,Kdm6B
Classical monocytes,ENSG00000153234.9,Nr4A2
Classical monocytes,ENSG00000139289.9,Phlda1
Classical monocytes,ENSG00000148426.8,Proser2
Classical monocytes,ENSG00000207870.1,Mir221
Classical monocytes,ENSG00000166401.9,Serpinb8
Classical monocytes,ENSG00000133612.14,Agap3
Classical monocytes,ENSG00000205710.3,4930544D05Rik
Classical monocytes,ENSG00000171208.5,Neto2
Classical monocytes,ENSG00000145194.13,Ece2
Classical monocytes,ENSG00000130558.14,Olfm1
Classical monocytes,ENSG00000105355.4,Plin3
Classical monocytes,ENSG00000108932.7,Slc16A6
Classical monocytes,ENSG00000163251.3,Fzd5
Classical monocytes,ENSG00000178695.4,Kctd12
Classical monocytes,ENSG00000255112.2,Chmp1B
Classical monocytes,ENSG00000196743.4,Gm2A
Classical monocytes,ENSG00000198246.7,Slc29A3
Classical monocytes,ENSG00000168615.7,Adam9
Classical monocytes,ENSG00000187098.10,Mitf
Classical monocytes,ENSG00000064225.8,St3Gal6
Classical monocytes,ENSG00000095383.15,Tbc1D2
Classical monocytes,ENSG00000198959.7,Tgm2
Classical monocytes,ENSG00000188316.9,Eno4
Classical monocytes,ENSG00000170345.5,Fos
Classical monocytes,ENSG00000269099.1,Lsp1
Classical monocytes,ENSG00000106780.7,Megf9
Classical monocytes,ENSG00000143257.7,Nr1I3
Classical monocytes,ENSG00000164105.3,Sap30
Classical monocytes,ENSG00000021355.8,Serpinb1A
Classical monocytes,ENSG00000184557.3,Socs3
Classical monocytes,ENSG00000173451.2,Thap2
Classical monocytes,ENSG00000119986.6,Avpi1
Classical monocytes,ENSG00000162129.8,Clpb
Classical monocytes,ENSG00000171786.5,Nhlh1
Classical monocytes,ENSG00000104312.6,Ripk2
Classical monocytes,ENSG00000101236.12,Rnf24
Classical monocytes,ENSG00000175556.12,Lonrf3
Classical monocytes,ENSG00000144959.5,Nceh1
Classical monocytes,ENSG00000171631.10,P2Ry6
Classical monocytes,ENSG00000176788.7,Basp1
Classical monocytes,ENSG00000136205.12,Tns3
Classical monocytes,ENSG00000150782.7,Il18
Classical monocytes,ENSG00000087157.14,Pgs1
Classical monocytes,ENSG00000151176.3,Plbd2
Classical monocytes,ENSG00000116741.6,Rgs2
Classical monocytes,ENSG00000105472.8,Clec11A
Classical monocytes,ENSG00000174004.5,Nrros
Classical monocytes,ENSG00000104205.8,Sgk3
Classical monocytes,ENSG00000057294.9,Pkp2
Classical monocytes,ENSG00000116574.4,Rhou
Classical monocytes,ENSG00000092200.8,Rpgrip1
Classical monocytes,ENSG00000196189.8,Sema4A
Classical monocytes,ENSG00000147454.9,Slc25A37
Classical monocytes,ENSG00000177674.11,Agtrap
Classical monocytes,ENSG00000029153.10,Arntl2
Classical monocytes,ENSG00000123636.13,Baz2B
Classical monocytes,ENSG00000103876.7,Fah
Classical monocytes,ENSG00000135114.8,Oasl1
Classical monocytes,ENSG00000169291.5,She
Classical monocytes,ENSG00000170779.10,Cdca4
Classical monocytes,ENSG00000109113.13,Rab34
Classical monocytes,ENSG00000186187.7,Znrf1
Classical monocytes,ENSG00000169136.4,Atf5
Classical monocytes,ENSG00000128524.4,Atp6V1F
Classical monocytes,ENSG00000075426.7,Fosl2
Classical monocytes,ENSG00000099860.4,Gadd45B
Classical monocytes,ENSG00000170525.14,Pfkfb3
Classical monocytes,ENSG00000188313.8,Plscr1
Classical monocytes,ENSG00000122862.4,Srgn
Classical monocytes,ENSG00000136404.11,Tm6Sf1
Classical monocytes,ENSG00000109066.9,Tmem104
Classical monocytes,ENSG00000134028.10,Adamdec1
Classical monocytes,ENSG00000213638.4,Adat3
Classical monocytes,ENSG00000167996.11,Fth1
Classical monocytes,ENSG00000138413.9,Idh1
Classical monocytes,ENSG00000116604.13,Mef2D
Classical monocytes,ENSG00000183696.9,Upp1
Classical monocytes,ENSG00000103042.4,Slc38A7
Classical monocytes,ENSG00000158710.10,Tagln2
Classical monocytes,ENSG00000151117.4,Tmem86A
Classical monocytes,ENSG00000164181.9,Elovl7
Classical monocytes,ENSG00000177663.9,Il17Ra
Classical monocytes,ENSG00000070614.10,Ndst1
Classical monocytes,ENSG00000115155.12,Otof
Classical monocytes,ENSG00000188229.5,Tubb4B
Classical monocytes,ENSG00000169155.5,Zbtb43
Classical monocytes,ENSG00000111729.8,Clec4A2
Classical monocytes,ENSG00000170909.9,Oscar
Classical monocytes,ENSG00000179051.9,Rcc2
Classical monocytes,ENSG00000143622.6,Rit1
Classical monocytes,ENSG00000213523.5,Sra1
Classical monocytes,ENSG00000106665.11,Clip2
Classical monocytes,ENSG00000185950.7,Irs2
Classical monocytes,ENSG00000197355.6,Uap1L1
Classical monocytes,ENSG00000150540.9,Hnmt
Classical monocytes,ENSG00000131981.11,Lgals3
Classical monocytes,ENSG00000197562.5,Rab40C
Classical monocytes,ENSG00000118292.4,Bc028528
Classical monocytes,ENSG00000188215.5,Dcun1D3
Classical monocytes,ENSG00000188641.8,Dpyd
Classical monocytes,ENSG00000161677.7,Josd2
Classical monocytes,ENSG00000100504.12,Pygl
Classical monocytes,ENSG00000168003.12,Slc3A2
Classical monocytes,ENSG00000164808.12,Spidr
Classical monocytes,ENSG00000160791.12,Ccr5
Classical monocytes,ENSG00000149485.12,Fads1
Classical monocytes,ENSG00000186792.11,Hyal3
Classical monocytes,ENSG00000165458.9,Inppl1
Classical monocytes,ENSG00000173621.8,Lrfn4
Classical monocytes,ENSG00000122711.4,Spink4
Classical monocytes,ENSG00000142046.10,Tmem91
Classical monocytes,ENSG00000174038.8,1700022I11Rik
Classical monocytes,ENSG00000183401.7,Ccdc159
Classical monocytes,ENSG00000108296.7,Cwc25
Classical monocytes,ENSG00000130164.7,Ldlr
Classical monocytes,ENSG00000123384.9,Lrp1
Classical monocytes,ENSG00000179165.9,Pxt1
Classical monocytes,ENSG00000139970.12,Rtn1
Classical monocytes,ENSG00000104447.7,Trps1
Classical monocytes,ENSG00000004399.8,Plxnd1
Classical monocytes,ENSG00000131873.5,Chsy1
Classical monocytes,ENSG00000116761.7,Cth
Classical monocytes,ENSG00000163694.10,Rbm47
Classical monocytes,ENSG00000187554.7,Tlr5
Classical monocytes,ENSG00000106367.9,Ap1S1
Classical monocytes,ENSG00000162174.8,Asrgl1
Classical monocytes,ENSG00000068793.13,Cyfip1
Classical monocytes,ENSG00000122877.9,Egr2
Classical monocytes,ENSG00000162302.8,Rps6Ka4
Classical monocytes,ENSG00000052749.9,Rrp12
Classical monocytes,ENSG00000125772.8,Gpcpd1
Classical monocytes,ENSG00000185909.10,Klhdc8B
Classical monocytes,ENSG00000151062.10,Cacna2D4
Classical monocytes,ENSG00000122642.6,Fkbp9
Classical monocytes,ENSG00000188010.8,Morn2
Classical monocytes,ENSG00000243147.3,Mrpl33
Classical monocytes,ENSG00000148200.12,Nr6A1
Classical monocytes,ENSG00000119782.9,Fkbp1B
Classical monocytes,ENSG00000180549.7,Fut7
Classical monocytes,ENSG00000156265.11,Map3K7Cl
Classical monocytes,ENSG00000169895.5,Syap1
Classical monocytes,ENSG00000170396.6,Zfp804A
Classical monocytes,ENSG00000103507.9,Bckdk
Classical monocytes,ENSG00000166482.7,Mfap4
Classical monocytes,ENSG00000197119.8,Slc25A29
Classical monocytes,ENSG00000113273.11,Arsb
Classical monocytes,ENSG00000108100.13,Ccny
Classical monocytes,ENSG00000184371.9,Csf1
Classical monocytes,ENSG00000149357.5,Lamtor1
Classical monocytes,ENSG00000059728.6,Mxd1
Classical monocytes,ENSG00000109047.7,Rcvrn
Classical monocytes,ENSG00000146373.12,Rnf217
Classical monocytes,ENSG00000068724.11,Ttc7
Classical monocytes,ENSG00000105755.3,Ethe1
Classical monocytes,ENSG00000010704.14,Hfe
Classical monocytes,ENSG00000168264.6,Irf2Bp2
Classical monocytes,ENSG00000155252.12,Pi4K2A
Classical monocytes,ENSG00000067225.13,Pkm
Classical monocytes,ENSG00000170296.5,Gabarap
Classical monocytes,ENSG00000158887.11,Mpz
Classical monocytes,ENSG00000124299.9,Pepd
Classical monocytes,ENSG00000197747.4,S100A10
Classical monocytes,ENSG00000164889.8,Slc4A2
Classical monocytes,ENSG00000139117.9,Cpne8
Classical monocytes,ENSG00000157326.14,Dhrs4
Classical monocytes,ENSG00000187840.4,Eif4Ebp1
Classical monocytes,ENSG00000120705.8,Etf1
Classical monocytes,ENSG00000157017.11,Ghrl
Classical monocytes,ENSG00000143452.11,Hormad1
Classical monocytes,ENSG00000168906.8,Mat2A
Classical monocytes,ENSG00000168404.8,Mlkl
Classical monocytes,ENSG00000142552.3,Rcn3
Classical monocytes,ENSG00000163393.8,Slc22A15
Classical monocytes,ENSG00000196502.7,Sult1A1
Classical monocytes,ENSG00000167460.10,Tpm4
Classical monocytes,ENSG00000167645.12,Yif1B
Classical monocytes,ENSG00000128016.4,Zfp36
Classical monocytes,ENSG00000135821.12,Glul
Classical monocytes,ENSG00000113368.7,Lmnb1
Classical monocytes,ENSG00000078114.14,Nebl
Classical monocytes,ENSG00000168476.7,Reep4
Classical monocytes,ENSG00000128487.12,Specc1
Classical monocytes,ENSG00000135912.6,Ttll4
Classical monocytes,ENSG00000156381.4,Ankrd9
Classical monocytes,ENSG00000137094.10,Dnajb5
Classical monocytes,ENSG00000064763.6,Far2
Classical monocytes,ENSG00000184924.5,Ptrhd1
Classical monocytes,ENSG00000187605.11,Tet3
Classical monocytes,ENSG00000106565.13,Tmem176B
Classical monocytes,ENSG00000067182.3,Tnfrsf1A
Classical monocytes,ENSG00000177169.5,Ulk1
Classical monocytes,ENSG00000131069.15,Acss2
Classical monocytes,ENSG00000108479.7,Galk1
Classical monocytes,ENSG00000100644.12,Hif1A
Classical monocytes,ENSG00000186818.8,Lilr4B
Classical monocytes,ENSG00000069956.7,Mapk6
Classical monocytes,ENSG00000156675.11,Rab11Fip1
Classical monocytes,ENSG00000173548.8,Snx33
Classical monocytes,ENSG00000181409.7,Aatk
Classical monocytes,ENSG00000186047.9,Dleu7
Classical monocytes,ENSG00000149781.8,Fermt3
Classical monocytes,ENSG00000157593.12,Slc35B2
Classical monocytes,ENSG00000254470.2,Ap5B1
Classical monocytes,ENSG00000183496.5,Mex3B
Classical monocytes,ENSG00000179094.9,Per1
Classical monocytes,ENSG00000166145.10,Spint1
Classical monocytes,ENSG00000135334.8,Akirin2
Classical monocytes,ENSG00000087074.7,Ppp1R15A
Classical monocytes,ENSG00000270103.2,Rnu11
Classical monocytes,ENSG00000141985.5,Sh3Gl1
Classical monocytes,ENSG00000173950.11,Xxylt1
Classical monocytes,ENSG00000203760.4,Cenpw
Classical monocytes,ENSG00000217555.8,Cklf
Classical monocytes,ENSG00000120708.12,Tgfbi
Classical monocytes,ENSG00000104765.10,Bnip3L
Classical monocytes,ENSG00000204345.1,Cd300Ld
Classical monocytes,ENSG00000164733.16,Ctsb
Classical monocytes,ENSG00000163412.8,Eif4E3
Classical monocytes,ENSG00000070404.5,Fstl3
Classical monocytes,ENSG00000111321.6,Ltbr
Classical monocytes,ENSG00000121064.8,Scpep1
Classical monocytes,ENSG00000100106.15,Triobp
Classical monocytes,ENSG00000168140.4,Vasn
Classical monocytes,ENSG00000132912.8,Dctn4
Classical monocytes,ENSG00000198814.8,Gk
Classical monocytes,ENSG00000167378.4,Irgq
Classical monocytes,ENSG00000198517.5,Mafk
Classical monocytes,ENSG00000173171.10,Mtx1
Classical monocytes,ENSG00000172260.9,Negr1
Classical monocytes,ENSG00000173638.14,Slc19A1
Classical monocytes,ENSG00000101493.6,Zfp516
Classical monocytes,ENSG00000153815.12,Cmip
Classical monocytes,ENSG00000122694.11,Glipr2
Classical monocytes,ENSG00000075240.12,Gramd4
Classical monocytes,ENSG00000262814.2,Mrpl12
Classical monocytes,ENSG00000162614.14,Nexn
Classical monocytes,ENSG00000107551.16,Rassf4
Classical monocytes,ENSG00000150977.9,Rilpl2
Classical monocytes,ENSG00000167711.9,Serpinf2
Classical monocytes,ENSG00000088854.11,4930402H24Rik
Classical monocytes,ENSG00000213722.4,Ddah2
Classical monocytes,ENSG00000196782.8,Maml3
Classical monocytes,ENSG00000162734.8,Pea15A
Classical monocytes,ENSG00000011198.3,Abhd5
Classical monocytes,ENSG00000159346.8,Adipor1
Classical monocytes,ENSG00000140450.7,Arrdc4
Classical monocytes,ENSG00000128512.15,Dock4
Classical monocytes,ENSG00000114867.15,Eif4G1
Classical monocytes,ENSG00000115159.11,Gpd2
Classical monocytes,ENSG00000140044.8,Jdp2
Classical monocytes,ENSG00000087903.8,Rfx2
Classical monocytes,ENSG00000143387.8,Ctsk
Classical monocytes,ENSG00000134815.14,Dhx34
Classical monocytes,ENSG00000105438.4,Kdelr1
Classical monocytes,ENSG00000104774.8,Man2B1
Classical monocytes,ENSG00000131408.9,Nr1H2
Classical monocytes,ENSG00000177666.11,Pnpla2
Classical monocytes,ENSG00000154710.11,Rabgef1
Classical monocytes,ENSG00000227500.5,Scamp4
Classical monocytes,ENSG00000154188.5,Angpt1
Classical monocytes,ENSG00000148288.7,Gbgt1
Classical monocytes,ENSG00000070495.10,Jmjd6
Classical monocytes,ENSG00000150457.7,Lats2
Classical monocytes,ENSG00000144040.8,Sfxn5
Classical monocytes,ENSG00000101849.11,Tbl1X
Classical monocytes,ENSG00000101150.13,Tpd52L2
Classical monocytes,ENSG00000169692.8,Agpat2
Classical monocytes,ENSG00000086062.8,B4Galt1
Classical monocytes,ENSG00000105722.5,Erf
Classical monocytes,ENSG00000092036.12,Haus4
Classical monocytes,ENSG00000017621.11,Magix
Classical monocytes,ENSG00000099817.7,Polr2E
Classical monocytes,ENSG00000161955.12,Tnfsf13
Classical monocytes,ENSG00000179750.11,Apobec3
Classical monocytes,ENSG00000105321.8,Ccdc9
Classical monocytes,ENSG00000121671.7,Cry2
Classical monocytes,ENSG00000119915.4,Elovl3
Classical monocytes,ENSG00000171298.8,Gaa
Classical monocytes,ENSG00000166866.8,Myo1A
Classical monocytes,ENSG00000100767.11,Papln
Classical monocytes,ENSG00000160746.8,Ano10
Classical monocytes,ENSG00000126947.7,Armcx1
Classical monocytes,ENSG00000029993.10,Hmgb3
Classical monocytes,ENSG00000131697.13,Nphp4
Classical monocytes,ENSG00000124588.15,Nqo2
Classical monocytes,ENSG00000132661.3,Nxt1
Classical monocytes,ENSG00000224531.4,Smim13
Non-classical monocytes,ENSG00000184828.5,Zbtb7C
Non-classical monocytes,ENSG00000137672.8,Trpc6
Non-classical monocytes,ENSG00000197353.3,Lypd2
Non-classical monocytes,ENSG00000214548.10,Meg3
Non-classical monocytes,ENSG00000170044.4,Zpld1
Non-classical monocytes,ENSG00000162374.12,Elavl4
Non-classical monocytes,ENSG00000204882.3,Gpr20
Non-classical monocytes,ENSG00000147041.7,Sytl5
Non-classical monocytes,ENSG00000166450.8,Prtg
Non-classical monocytes,ENSG00000183134.4,Ptgdr2
Non-classical monocytes,ENSG00000106341.6,Ppp1R17
Non-classical monocytes,ENSG00000135374.5,Elf5
Non-classical monocytes,ENSG00000240563.1,L1Td1
Non-classical monocytes,ENSG00000130720.8,Fibcd1
Non-classical monocytes,ENSG00000085276.13,Mecom
Non-classical monocytes,ENSG00000077942.13,Fbln1
Non-classical monocytes,ENSG00000171798.13,Kndc1
Non-classical monocytes,ENSG00000073754.5,Cd5L
Non-classical monocytes,ENSG00000152672.3,Clec4F
Non-classical monocytes,ENSG00000129757.8,Cdkn1C
Non-classical monocytes,ENSG00000166220.8,Tbata
Non-classical monocytes,ENSG00000165702.8,Gfi1B
Non-classical monocytes,ENSG00000173369.11,C1Qb
Non-classical monocytes,ENSG00000165731.13,Ret
Non-classical monocytes,ENSG00000163629.8,Ptpn13
Non-classical monocytes,ENSG00000272636.1,Doc2B
Non-classical monocytes,ENSG00000158286.8,Rnf207
Non-classical monocytes,ENSG00000143603.14,Kcnn3
Non-classical monocytes,ENSG00000133661.11,Sftpd
Non-classical monocytes,ENSG00000173372.12,C1Qa
Non-classical monocytes,ENSG00000166165.8,Ckb
Non-classical monocytes,ENSG00000180155.14,Lynx1
Non-classical monocytes,ENSG00000179914.4,Itln1
Non-classical monocytes,ENSG00000177614.5,Pgbd5
Non-classical monocytes,ENSG00000099864.13,Palm
Non-classical monocytes,ENSG00000156113.16,Kcnma1
Non-classical monocytes,ENSG00000251692.3,Ptx4
Non-classical monocytes,ENSG00000157827.15,Fmnl2
Non-classical monocytes,ENSG00000171954.8,Cyp4F39
Non-classical monocytes,ENSG00000198829.5,Sucnr1
Non-classical monocytes,ENSG00000182853.7,Vmo1
Non-classical monocytes,ENSG00000183733.6,Figla
Non-classical monocytes,ENSG00000080031.5,Ptprh
Non-classical monocytes,ENSG00000132744.3,Acy3
Non-classical monocytes,ENSG00000165548.6,Tmem63C
Non-classical monocytes,ENSG00000166510.9,Ccdc68
Non-classical monocytes,ENSG00000268223.2,Arl14Epl
Non-classical monocytes,ENSG00000108950.7,Fam20A
Non-classical monocytes,ENSG00000113231.9,Pde8B
Non-classical monocytes,ENSG00000148737.11,Tcf7L2
Non-classical monocytes,ENSG00000036565.10,Slc18A1
Non-classical monocytes,ENSG00000159189.7,C1Qc
Non-classical monocytes,ENSG00000116254.13,Chd5
Non-classical monocytes,ENSG00000214688.4,Gm17455
Non-classical monocytes,ENSG00000175544.9,Cabp4
Non-classical monocytes,ENSG00000130300.4,Plvap
Non-classical monocytes,ENSG00000166068.8,Spred1
Non-classical monocytes,ENSG00000110079.12,Ms4A4A
Non-classical monocytes,ENSG00000151491.8,Eps8
Non-classical monocytes,ENSG00000198682.8,Papss2
Non-classical monocytes,ENSG00000125730.12,C3
Non-classical monocytes,ENSG00000133687.11,Tmtc1
Non-classical monocytes,ENSG00000184489.7,Ptp4A3
Non-classical monocytes,ENSG00000105991.7,Hoxa1
Non-classical monocytes,ENSG00000197993.3,Kel
Non-classical monocytes,ENSG00000166927.8,Ms4A7
Non-classical monocytes,ENSG00000133874.1,Rnf122
Non-classical monocytes,ENSG00000198729.4,Ppp1R14C
Non-classical monocytes,ENSG00000146426.13,Tiam2
Non-classical monocytes,ENSG00000169860.4,P2Ry1
Non-classical monocytes,ENSG00000183092.11,Begain
Non-classical monocytes,ENSG00000164684.9,Zfp704
Non-classical monocytes,ENSG00000142512.10,Siglecg
Non-classical monocytes,ENSG00000166446.10,Cdyl2
Non-classical monocytes,ENSG00000175445.10,Lpl
Non-classical monocytes,ENSG00000213889.6,Ppm1N
Non-classical monocytes,ENSG00000125898.8,Fam110A
Non-classical monocytes,ENSG00000159556.5,Isl2
Non-classical monocytes,ENSG00000188015.5,S100A3
Non-classical monocytes,ENSG00000004799.7,Pdk4
Non-classical monocytes,ENSG00000253368.3,Trnp1
Non-classical monocytes,ENSG00000060982.10,Bcat1
Non-classical monocytes,ENSG00000108846.11,Abcc3
Non-classical monocytes,ENSG00000123685.4,Batf3
Non-classical monocytes,ENSG00000105131.3,Ephx3
Non-classical monocytes,ENSG00000140945.11,Cdh13
Non-classical monocytes,ENSG00000126821.7,Sgpp1
Non-classical monocytes,ENSG00000074416.9,Mgll
Non-classical monocytes,ENSG00000107736.15,Cdh23
Non-classical monocytes,ENSG00000077585.9,Gpr137B
Non-classical monocytes,ENSG00000127418.10,Fgfrl1
Non-classical monocytes,ENSG00000244734.2,Hbb-Bs
Non-classical monocytes,ENSG00000164741.10,Dlc1
Non-classical monocytes,ENSG00000138411.6,Hecw2
Non-classical monocytes,ENSG00000152503.5,Trim36
Non-classical monocytes,ENSG00000147119.3,Chst7
Non-classical monocytes,ENSG00000153208.12,Mertk
Non-classical monocytes,ENSG00000145555.10,Myo10
Non-classical monocytes,ENSG00000158186.8,Mras
Non-classical monocytes,ENSG00000149591.12,Tagln
Non-classical monocytes,ENSG00000102854.10,Msln
Non-classical monocytes,ENSG00000162747.5,Fcgr4
Non-classical monocytes,ENSG00000253522.2,Mir146
Non-classical monocytes,ENSG00000170365.5,Smad1
Non-classical monocytes,ENSG00000168913.6,Enho
Non-classical monocytes,ENSG00000177807.6,Kcnj10
Non-classical monocytes,ENSG00000124107.5,Slpi
Non-classical monocytes,ENSG00000178538.5,Car8
Non-classical monocytes,ENSG00000120949.10,Tnfrsf8
Non-classical monocytes,ENSG00000101280.6,Angpt4
Non-classical monocytes,ENSG00000114405.6,3830406C13Rik
Non-classical monocytes,ENSG00000072952.14,Mrvi1
Non-classical monocytes,ENSG00000178996.8,Snx18
Non-classical monocytes,ENSG00000136193.12,Scrn1
Non-classical monocytes,ENSG00000101412.9,E2F1
Non-classical monocytes,ENSG00000100285.9,Nefh
Non-classical monocytes,ENSG00000075213.6,Sema3A
Non-classical monocytes,ENSG00000105376.4,Icam5
Non-classical monocytes,ENSG00000149577.11,Sidt2
Non-classical monocytes,ENSG00000171860.4,C3Ar1
Non-classical monocytes,ENSG00000137962.8,Arhgap29
Non-classical monocytes,ENSG00000135424.11,Itga7
Non-classical monocytes,ENSG00000109103.7,Unc119
Non-classical monocytes,ENSG00000167779.3,Igfbp6
Non-classical monocytes,ENSG00000125744.7,Rtn2
Non-classical monocytes,ENSG00000203747.5,Fcgr4
Non-classical monocytes,ENSG00000159788.14,Rgs12
Non-classical monocytes,ENSG00000137393.8,Rnf144B
Non-classical monocytes,ENSG00000138119.12,Myof
Non-classical monocytes,ENSG00000182578.9,Csf1R
Non-classical monocytes,ENSG00000197506.6,Slc28A3
Non-classical monocytes,ENSG00000077063.6,Cttnbp2
Non-classical monocytes,ENSG00000186480.8,Insig1
Non-classical monocytes,ENSG00000100095.14,Sez6L
Non-classical monocytes,ENSG00000115902.6,Slc1A4
Non-classical monocytes,ENSG00000104427.7,Zc2Hc1A
Non-classical monocytes,ENSG00000198892.6,Shisa4
Non-classical monocytes,ENSG00000119139.12,Tjp2
Non-classical monocytes,ENSG00000183779.5,Zfp703
Non-classical monocytes,ENSG00000154447.10,Sh3Rf1
Non-classical monocytes,ENSG00000175505.9,Clcf1
Non-classical monocytes,ENSG00000131979.14,Gch1
Non-classical monocytes,ENSG00000260903.2,Xkr7
Non-classical monocytes,ENSG00000166928.6,Ms4A14
Non-classical monocytes,ENSG00000164142.11,Fam160A1
Non-classical monocytes,ENSG00000179630.6,Lacc1
Non-classical monocytes,ENSG00000126458.3,Rras
Non-classical monocytes,ENSG00000187109.9,Nap1L1
Non-classical monocytes,ENSG00000099338.18,Catsperg1
Non-classical monocytes,ENSG00000038945.10,Msr1
Non-classical monocytes,ENSG00000173166.13,Raph1
Non-classical monocytes,ENSG00000117834.8,Slc5A9
Non-classical monocytes,ENSG00000232810.3,Tnf
Non-classical monocytes,ENSG00000141497.9,Zmynd15
Non-classical monocytes,ENSG00000083290.15,Ulk2
Non-classical monocytes,ENSG00000047648.17,Arhgap6
Non-classical monocytes,ENSG00000157240.2,Fzd1
Non-classical monocytes,ENSG00000197321.10,Svil
Non-classical monocytes,ENSG00000196218.7,Ryr1
Non-classical monocytes,ENSG00000160326.9,Slc2A6
Non-classical monocytes,ENSG00000100628.7,Asb2
Non-classical monocytes,ENSG00000138778.7,Cenpe
Non-classical monocytes,ENSG00000111554.10,Mdm1
Non-classical monocytes,ENSG00000101773.12,Rbbp8
Non-classical monocytes,ENSG00000065060.12,Uhrf1Bp1
Non-classical monocytes,ENSG00000100122.5,Crybb1
Non-classical monocytes,ENSG00000175489.9,Lrrc25
Non-classical monocytes,ENSG00000161055.3,Scgb3A1
Non-classical monocytes,ENSG00000170873.14,Mtss1
Non-classical monocytes,ENSG00000105851.6,Pik3Cg
Non-classical monocytes,ENSG00000103485.13,Qprt
Non-classical monocytes,ENSG00000254087.3,Lyn
Non-classical monocytes,ENSG00000100292.12,Hmox1
Non-classical monocytes,ENSG00000164975.11,Snapc3
Non-classical monocytes,ENSG00000130513.6,Gdf15
Non-classical monocytes,ENSG00000132122.7,Spata6
Non-classical monocytes,ENSG00000204634.8,Tbc1D8
Non-classical monocytes,ENSG00000154127.5,Ubash3B
Non-classical monocytes,ENSG00000163686.9,Abhd6
Non-classical monocytes,ENSG00000173868.7,Phospho1
Non-classical monocytes,ENSG00000155366.12,Rhoc
Non-classical monocytes,ENSG00000126368.5,Nr1D1
Non-classical monocytes,ENSG00000089127.8,Oas1A
Non-classical monocytes,ENSG00000052795.8,Fnip2
Non-classical monocytes,ENSG00000142089.11,Ifitm3
Non-classical monocytes,ENSG00000155629.10,Pik3Ap1
Non-classical monocytes,ENSG00000126003.6,Plagl2
Non-classical monocytes,ENSG00000064652.6,Snx24
Non-classical monocytes,ENSG00000171657.5,Gpr82
Non-classical monocytes,ENSG00000164683.12,Hey1
Non-classical monocytes,ENSG00000068489.8,Prr11
Non-classical monocytes,ENSG00000108798.4,Abi3
Non-classical monocytes,ENSG00000163110.10,Pdlim5
Non-classical monocytes,ENSG00000164265.4,Scgb3A2
Non-classical monocytes,ENSG00000135002.7,Rfk
Non-classical monocytes,ENSG00000174628.12,Iqck
Non-classical monocytes,ENSG00000204301.5,Notch4
Non-classical monocytes,ENSG00000084733.6,Rab10
Non-classical monocytes,ENSG00000198879.7,Sfmbt2
Non-classical monocytes,ENSG00000111237.14,Vps29
Non-classical monocytes,ENSG00000163602.9,Rybp
Non-classical monocytes,ENSG00000179604.8,Cdc42Ep4
Non-classical monocytes,ENSG00000120256.5,Lrp11
Non-classical monocytes,ENSG00000115525.12,St3Gal5
Non-classical monocytes,ENSG00000120802.9,Tmpo
Non-classical monocytes,ENSG00000109046.10,Wsb1
Non-classical monocytes,ENSG00000167107.8,Acsf2
Non-classical monocytes,ENSG00000105887.10,Mtpn
Non-classical monocytes,ENSG00000166428.8,Pld4
Non-classical monocytes,ENSG00000101346.7,Pofut1
Non-classical monocytes,ENSG00000105173.9,Ccne1
Non-classical monocytes,ENSG00000119403.9,Phf19
Non-classical monocytes,ENSG00000105996.5,Hoxa2
Non-classical monocytes,ENSG00000155846.12,Ppargc1B
Non-classical monocytes,ENSG00000134830.3,C5Ar2
Non-classical monocytes,ENSG00000069869.11,Nedd4
Non-classical monocytes,ENSG00000110958.11,Ptges3
Non-classical monocytes,ENSG00000111679.12,Ptpn6
Non-classical monocytes,ENSG00000103528.12,Syt17
Non-classical monocytes,ENSG00000109861.11,Ctsc
Non-classical monocytes,ENSG00000144802.7,Nfkbiz
Non-classical monocytes,ENSG00000020577.9,Samd4
Non-classical monocytes,ENSG00000173825.6,Tigd3
Non-classical monocytes,ENSG00000128594.3,Lrrc4
Non-classical monocytes,ENSG00000077616.6,Naalad2
Non-classical monocytes,ENSG00000108405.3,P2Rx1
Non-classical monocytes,ENSG00000141252.15,Vps53
Non-classical monocytes,ENSG00000165949.8,Ifi27
Non-classical monocytes,ENSG00000199047.1,Mir378A
Non-classical monocytes,ENSG00000095370.15,Sh2D3C
Non-classical monocytes,ENSG00000256812.1,Capns2
Non-classical monocytes,ENSG00000115295.15,Clip4
Non-classical monocytes,ENSG00000204482.6,Lst1
Non-classical monocytes,ENSG00000061794.8,Mrps35
Non-classical monocytes,ENSG00000088992.13,Tesc
Non-classical monocytes,ENSG00000162929.9,0610010F05Rik
Non-classical monocytes,ENSG00000135617.3,Pradc1
Non-classical monocytes,ENSG00000106003.8,Lfng
Non-classical monocytes,ENSG00000119917.9,Ifit3
Non-classical monocytes,ENSG00000165097.9,Kdm1B
Non-classical monocytes,ENSG00000068784.8,Srbd1
Non-classical monocytes,ENSG00000138172.6,Calhm2
Non-classical monocytes,ENSG00000004660.10,Camkk1
Non-classical monocytes,ENSG00000173207.8,Cks1B
Non-classical monocytes,ENSG00000204020.5,Lipn
Non-classical monocytes,ENSG00000107957.12,Sh3Pxd2A
Non-classical monocytes,ENSG00000112759.12,Slc29A1
Non-classical monocytes,ENSG00000064547.9,Lpar2
Non-classical monocytes,ENSG00000158201.5,Abhd3
Non-classical monocytes,ENSG00000087253.7,Lpcat2
Non-classical monocytes,ENSG00000127423.6,Aunip
Non-classical monocytes,ENSG00000115232.9,Itga4
Non-classical monocytes,ENSG00000162745.6,Olfml2B
Non-classical monocytes,ENSG00000160117.10,Ankle1
Non-classical monocytes,ENSG00000140961.8,Osgin1
Non-classical monocytes,ENSG00000196961.8,Ap2A1
Non-classical monocytes,ENSG00000171813.10,Pwwp2B
Non-classical monocytes,ENSG00000152061.17,Rabgap1L
Non-classical monocytes,ENSG00000198794.7,Scamp5
Non-classical monocytes,ENSG00000154429.6,Ccsap
Non-classical monocytes,ENSG00000134046.7,Mbd2
Non-classical monocytes,ENSG00000196839.8,Ada
Non-classical monocytes,ENSG00000146416.12,Aig1
Non-classical monocytes,ENSG00000167748.6,Klk1
Non-classical monocytes,ENSG00000134072.6,Camk1
Non-classical monocytes,ENSG00000151151.5,Ipmk
Non-classical monocytes,ENSG00000128944.9,Knstrn
Non-classical monocytes,ENSG00000199090.1,Mir326
Non-classical monocytes,ENSG00000148344.10,Ptges
Non-classical monocytes,ENSG00000143669.9,Lyst
Non-classical monocytes,ENSG00000138594.8,Tmod3
Non-classical monocytes,ENSG00000123416.11,Tuba1B
Non-classical monocytes,ENSG00000120008.11,Wdr11
Non-classical monocytes,ENSG00000166224.12,Sgpl1
Non-classical monocytes,ENSG00000138613.9,Aph1B
Non-classical monocytes,ENSG00000147459.13,Dock5
Non-classical monocytes,ENSG00000175155.4,Ypel2
Non-classical monocytes,ENSG00000196975.10,Anxa4
Non-classical monocytes,ENSG00000164086.8,Dusp7
Non-classical monocytes,ENSG00000141540.6,Ttyh2
Non-classical monocytes,ENSG00000159214.8,Ccdc24
Non-classical monocytes,ENSG00000153885.10,Kctd15
Non-classical monocytes,ENSG00000125967.12,Necab3
Non-classical monocytes,ENSG00000071242.7,Rps6Ka2
Non-classical monocytes,ENSG00000196230.8,Tubb5
Non-classical monocytes,ENSG00000120992.13,Lypla1
Non-classical monocytes,ENSG00000128039.6,Srd5A3
Non-classical monocytes,ENSG00000085365.13,Scamp1
Non-classical monocytes,ENSG00000069329.11,Vps35
Non-classical monocytes,ENSG00000182022.13,Chst15
Non-classical monocytes,ENSG00000135766.8,Egln1
Non-classical monocytes,ENSG00000169607.8,Ckap2L
Non-classical monocytes,ENSG00000143771.7,Cnih4
Non-classical monocytes,ENSG00000007968.6,E2F2
Non-classical monocytes,ENSG00000165259.9,Hdx
Non-classical monocytes,ENSG00000101417.7,Pxmp4
Non-classical monocytes,ENSG00000144476.5,Ackr3
Non-classical monocytes,ENSG00000110395.4,Cbl
Non-classical monocytes,ENSG00000175550.3,Drap1
Non-classical monocytes,ENSG00000105246.5,Ebi3
Non-classical monocytes,ENSG00000197798.4,Fam118B
Non-classical monocytes,ENSG00000130340.10,Snx9
Non-classical monocytes,ENSG00000160183.9,Tmprss3
Non-classical monocytes,ENSG00000116918.9,Tsnax
Non-classical monocytes,ENSG00000108219.10,Tspan14
Non-classical monocytes,ENSG00000171940.9,Zfp217
Non-classical monocytes,ENSG00000088280.14,Asap3
Non-classical monocytes,ENSG00000168062.5,Batf2
NK cells,ENSG00000174482.6,Lingo2
NK cells,ENSG00000197467.9,Col13A1
NK cells,ENSG00000204466.5,Dgkk
NK cells,ENSG00000156453.9,Pcdh1
NK cells,ENSG00000173068.13,Bnc2
NK cells,ENSG00000167633.12,Kir3Dl1
NK cells,ENSG00000105370.3,Lim2
NK cells,ENSG00000196159.7,Fat4
NK cells,ENSG00000115607.5,Il18Rap
NK cells,ENSG00000100453.8,Gzme
NK cells,ENSG00000162383.7,Slc1A7
NK cells,ENSG00000180739.12,S1Pr5
NK cells,ENSG00000174348.9,Podn
NK cells,ENSG00000150687.7,Prss23
NK cells,ENSG00000109956.8,B3Gat1
NK cells,ENSG00000135083.10,Ccnjl
NK cells,ENSG00000165061.10,Zmat4
NK cells,ENSG00000117560.6,Fasl
NK cells,ENSG00000074590.9,Nuak1
NK cells,ENSG00000170442.7,Krt86
NK cells,ENSG00000141622.9,Rnf165
NK cells,ENSG00000170962.8,Pdgfd
NK cells,ENSG00000205426.6,Krt81
NK cells,ENSG00000149294.12,Ncam1
NK cells,ENSG00000171596.6,Nmur1
NK cells,ENSG00000198108.3,Chsy3
NK cells,ENSG00000189430.8,Ncr1
NK cells,ENSG00000205221.8,Vit
NK cells,ENSG00000197057.4,Dthd1
NK cells,ENSG00000154734.10,Adamts1
NK cells,ENSG00000183695.2,Mrgprb1
NK cells,ENSG00000214944.5,Arhgef28
NK cells,ENSG00000134539.12,Klrd1
NK cells,ENSG00000133067.13,Lgr6
NK cells,ENSG00000116667.8,1700025G04Rik
NK cells,ENSG00000168229.3,Ptgdr
NK cells,ENSG00000125864.7,Bfsp1
NK cells,ENSG00000143185.3,Xcl1
NK cells,ENSG00000073861.2,Tbx21
NK cells,ENSG00000108370.11,Rgs9
NK cells,ENSG00000077984.4,Cst7
NK cells,ENSG00000170231.11,Fabp6
NK cells,ENSG00000137440.3,Fgfbp1
NK cells,ENSG00000149557.8,Fez1
NK cells,ENSG00000198756.6,Colgalt2
NK cells,ENSG00000036448.5,Myom2
NK cells,ENSG00000107317.7,Ptgds
NK cells,ENSG00000080573.6,Col5A3
NK cells,ENSG00000145649.7,Gzma
NK cells,ENSG00000148488.11,St8Sia6
NK cells,ENSG00000181104.6,F2R
NK cells,ENSG00000240403.1,Kir3Dl1
NK cells,ENSG00000105374.5,Nkg7
NK cells,ENSG00000181036.9,Fcrl6
NK cells,ENSG00000180644.6,Prf1
NK cells,ENSG00000115602.12,Il1Rl1
NK cells,ENSG00000158113.8,Lrrc43
NK cells,ENSG00000168772.9,Cxxc4
NK cells,ENSG00000137843.7,Pak6
NK cells,ENSG00000111796.3,Klrb1A
NK cells,ENSG00000205809.5,Klrc2
NK cells,ENSG00000206172.4,Hba-A1
NK cells,ENSG00000138741.6,Trpc3
NK cells,ENSG00000242019.1,Kir3Dl1
NK cells,ENSG00000196542.4,Sptssb
NK cells,ENSG00000147036.7,Lancl3
NK cells,ENSG00000080493.9,Slc4A4
NK cells,ENSG00000143184.4,Xcl1
NK cells,ENSG00000205002.3,Aard
NK cells,ENSG00000141756.14,Fkbp10
NK cells,ENSG00000157985.13,Agap1
NK cells,ENSG00000163637.7,Prickle2
NK cells,ENSG00000172031.6,Ephx4
NK cells,ENSG00000169583.12,Clic3
NK cells,ENSG00000176720.3,Bok
NK cells,ENSG00000185758.7,Cldn24
NK cells,ENSG00000159674.7,Spon2
NK cells,ENSG00000140859.11,Kifc3
NK cells,ENSG00000127329.10,Ptprb
NK cells,ENSG00000132329.6,Ramp1
NK cells,ENSG00000170624.9,Sgcd
NK cells,ENSG00000143842.10,Sox13
NK cells,ENSG00000149403.7,Grik4
NK cells,ENSG00000133937.3,Gsc
NK cells,ENSG00000081985.6,Il12Rb2
NK cells,ENSG00000117281.11,Cd160
NK cells,ENSG00000196169.10,Kif19A
NK cells,ENSG00000134545.9,Klrc1
NK cells,ENSG00000169744.8,Ldb2
NK cells,ENSG00000140451.8,Pif1
NK cells,ENSG00000156475.14,Ppp2R2B
NK cells,ENSG00000157111.8,Tmem171
NK cells,ENSG00000138311.11,Zfp365
NK cells,ENSG00000162490.6,Draxin
NK cells,ENSG00000156886.11,Itgad
NK cells,ENSG00000146477.4,Slc22A3
NK cells,ENSG00000164342.8,Tlr3
NK cells,ENSG00000161572.6,Lyzl6
NK cells,ENSG00000160318.2,Cldnd2
NK cells,ENSG00000106018.9,Vipr2
NK cells,ENSG00000151208.12,Dlg5
NK cells,ENSG00000069702.6,Tgfbr3
NK cells,ENSG00000184349.8,Efna5
NK cells,ENSG00000196569.7,Lama2
NK cells,ENSG00000186891.9,Tnfrsf18
NK cells,ENSG00000172460.10,Prss30
NK cells,ENSG00000066056.9,Tie1
NK cells,ENSG00000111537.4,Ifng
NK cells,ENSG00000106571.8,Gli3
NK cells,ENSG00000156966.6,B3Gnt7
NK cells,ENSG00000171476.17,Hopx
NK cells,ENSG00000100385.9,Il2Rb
NK cells,ENSG00000185697.12,Mybl1
NK cells,ENSG00000176083.13,Zfp683
NK cells,ENSG00000120659.10,Tnfsf11
NK cells,ENSG00000067840.8,Pdzd4
NK cells,ENSG00000054793.9,Atp9A
NK cells,ENSG00000112164.5,Glp1R
NK cells,ENSG00000163508.8,Eomes
NK cells,ENSG00000107130.6,Ncs1
NK cells,ENSG00000196139.7,Akr1C18
NK cells,ENSG00000188536.8,Hba-A1
NK cells,ENSG00000161570.4,Ccl5
NK cells,ENSG00000189409.8,Mmp23
NK cells,ENSG00000152969.12,Jakmip1
NK cells,ENSG00000163464.7,Cxcr1
NK cells,ENSG00000181215.8,Gm1043
NK cells,ENSG00000101115.8,Sall4
NK cells,ENSG00000260027.3,Hoxb7
NK cells,ENSG00000166831.4,Rbpms2
NK cells,ENSG00000182985.12,Cadm1
NK cells,ENSG00000070182.13,Sptb
NK cells,ENSG00000141736.9,Erbb2
NK cells,ENSG00000141655.11,Tnfrsf11A
NK cells,ENSG00000184731.5,Fam110C
NK cells,ENSG00000180801.11,Arsj
NK cells,ENSG00000206561.8,Colq
NK cells,ENSG00000174804.3,Fzd4
NK cells,ENSG00000197496.4,Slc2A10
NK cells,ENSG00000167723.10,Trpv3
NK cells,ENSG00000154914.12,Usp43
NK cells,ENSG00000179841.8,Akap5
NK cells,ENSG00000099889.9,Arvcf
NK cells,ENSG00000167123.14,Cercam
NK cells,ENSG00000164283.8,Esm1
NK cells,ENSG00000198885.5,Itpripl1
NK cells,ENSG00000186827.6,Tnfrsf4
NK cells,ENSG00000115604.6,Il18R1
NK cells,ENSG00000124564.13,Slc17A3
NK cells,ENSG00000112796.5,Enpp5
NK cells,ENSG00000007264.9,Matk
NK cells,ENSG00000161249.16,Dmkn
NK cells,ENSG00000075234.12,Ttc38
NK cells,ENSG00000182393.2,Ifnl2
NK cells,ENSG00000240771.2,Arhgef25
NK cells,ENSG00000181847.7,Tigit
NK cells,ENSG00000148600.10,Cdhr1
NK cells,ENSG00000253293.3,Hoxa10
NK cells,ENSG00000005001.5,Prss22
NK cells,ENSG00000119411.10,Bspry
NK cells,ENSG00000139187.5,Klrg1
NK cells,ENSG00000145107.11,Tm4Sf19
NK cells,ENSG00000176049.11,Jakmip2
NK cells,ENSG00000007402.7,Cacna2D2
NK cells,ENSG00000007350.12,Tktl1
NK cells,ENSG00000157404.11,Kit
NK cells,ENSG00000206069.4,Tmem211
NK cells,ENSG00000198963.6,Rorb
NK cells,ENSG00000241484.5,Arhgap8
NK cells,ENSG00000170522.5,Elovl6
NK cells,ENSG00000186197.8,Edaradd
NK cells,ENSG00000253305.1,Pcdhgb6
NK cells,ENSG00000151778.6,Serp2
NK cells,ENSG00000205810.4,Klrc3
NK cells,ENSG00000173218.10,Vangl1
NK cells,ENSG00000166289.5,Plekhf1
NK cells,ENSG00000167037.14,Sgsm1
NK cells,ENSG00000134200.2,Tshb
NK cells,ENSG00000147852.11,Vldlr
NK cells,ENSG00000138316.6,Adamts14
NK cells,ENSG00000075218.14,Gtse1
NK cells,ENSG00000173930.8,Slco4C1
NK cells,ENSG00000171848.9,Rrm2
NK cells,ENSG00000164292.8,Rhobtb3
NK cells,ENSG00000106483.7,Sfrp4
NK cells,ENSG00000113721.9,Pdgfrb
NK cells,ENSG00000182534.9,Mxra7
NK cells,ENSG00000087258.9,Gnao1
NK cells,ENSG00000148773.8,Mki67
NK cells,ENSG00000253846.1,Pcdhga10
NK cells,ENSG00000164929.12,Baalc
NK cells,ENSG00000188760.6,Tmem198
NK cells,ENSG00000172348.10,Rcan2
NK cells,ENSG00000146005.3,Psd2
NK cells,ENSG00000138835.18,Rgs3
NK cells,ENSG00000198846.5,Tox
NK cells,ENSG00000185198.7,Prss57
NK cells,ENSG00000198915.7,Rasgef1A
NK cells,ENSG00000129277.9,Ccl4
NK cells,ENSG00000149328.10,Glb1L2
NK cells,ENSG00000136213.7,Chst12
NK cells,ENSG00000171246.5,Nptx1
NK cells,ENSG00000175899.10,A2M
NK cells,ENSG00000000971.11,Cfh
NK cells,ENSG00000041353.5,Rab27B
NK cells,ENSG00000235162.4,1500009L16Rik
NK cells,ENSG00000143995.15,Meis1
NK cells,ENSG00000168350.6,Degs2
NK cells,ENSG00000126822.11,Plekhg3
NK cells,ENSG00000131018.18,Syne1
NK cells,ENSG00000091844.3,Rgs17
NK cells,ENSG00000119714.6,Gpr68
NK cells,ENSG00000148019.8,Cep78
NK cells,ENSG00000174600.9,Cmklr1
NK cells,ENSG00000187118.8,Cmc1
NK cells,ENSG00000135547.4,Hey2
NK cells,ENSG00000182742.5,Hoxb4
NK cells,ENSG00000186564.5,Foxd2
NK cells,ENSG00000073350.9,Llgl2
NK cells,ENSG00000186994.7,Kank3
NK cells,ENSG00000124920.9,Myrf
NK cells,ENSG00000027869.7,Sh2D2A
NK cells,ENSG00000116133.7,Dhcr24
NK cells,ENSG00000117595.6,Irf6
NK cells,ENSG00000198610.6,Akr1C6
NK cells,ENSG00000148848.10,Adam12
NK cells,ENSG00000141404.11,Gnal
NK cells,ENSG00000257335.4,Mgam
NK cells,ENSG00000198400.7,Ntrk1
NK cells,ENSG00000101474.7,Apmap
NK cells,ENSG00000204475.5,Ncr3-Ps
NK cells,ENSG00000105255.6,Fsd1
NK cells,ENSG00000196586.9,Myo6
NK cells,ENSG00000113525.5,Il5
NK cells,ENSG00000088325.11,Tpx2
NK cells,ENSG00000165633.8,Vstm4
NK cells,ENSG00000129595.8,Epb41L4A
NK cells,ENSG00000144485.6,Hes6
NK cells,ENSG00000164483.12,Samd3
NK cells,ENSG00000153071.10,Dab2
NK cells,ENSG00000128578.5,Strip2
NK cells,ENSG00000114993.11,Rtkn
NK cells,ENSG00000156564.8,Lrfn2
NK cells,ENSG00000039560.9,Rai14
NK cells,ENSG00000054654.11,Syne2
NK cells,ENSG00000104490.13,Ncald
NK cells,ENSG00000179071.3,Ccdc89
NK cells,ENSG00000142621.15,Fhad1
NK cells,ENSG00000136158.6,Spry2
NK cells,ENSG00000124507.6,Pacsin1
NK cells,ENSG00000198933.5,Tbkbp1
NK cells,ENSG00000154760.9,Slfn8
NK cells,ENSG00000143476.13,Dtl
NK cells,ENSG00000124205.11,Edn3
NK cells,ENSG00000172543.3,Ctsw
NK cells,ENSG00000179588.4,Zfpm1
NK cells,ENSG00000176919.7,C8G
NK cells,ENSG00000121152.5,Ncaph
NK cells,ENSG00000111670.10,Gnptab
NK cells,ENSG00000180447.5,Gas1
NK cells,ENSG00000089692.4,Lag3
NK cells,ENSG00000118276.7,B4Galt6
NK cells,ENSG00000060140.4,Styk1
NK cells,ENSG00000058668.10,Atp2B4
NK cells,ENSG00000197077.8,2900026A02Rik
NK cells,ENSG00000093009.5,Cdc45
NK cells,ENSG00000177465.4,Acot4
NK cells,ENSG00000170891.6,Cytl1
NK cells,ENSG00000162746.10,Fcrlb
NK cells,ENSG00000159733.9,Zfyve28
NK cells,ENSG00000180871.3,Cxcr2
NK cells,ENSG00000166349.5,Rag1
NK cells,ENSG00000149527.13,Plch2
NK cells,ENSG00000105278.6,Zfr2
NK cells,ENSG00000197530.8,Mib2
NK cells,ENSG00000117650.8,Nek2
NK cells,ENSG00000137501.12,Sytl2
NK cells,ENSG00000125735.6,Tnfsf14
NK cells,ENSG00000035664.7,Dapk2
NK cells,ENSG00000086289.7,Epdr1
NK cells,ENSG00000148175.8,Stom
NK cells,ENSG00000091513.10,Trf
NK cells,ENSG00000006555.6,Ttc22
NK cells,ENSG00000162676.7,Gfi1
NK cells,ENSG00000167508.6,Mvd
NK cells,ENSG00000145757.11,Spata9
NK cells,ENSG00000196968.6,Fut11
NK cells,ENSG00000021762.15,Osbpl5
NK cells,ENSG00000187456.9,Rdm1
NK cells,ENSG00000123989.9,Chpf
NK cells,ENSG00000164674.11,Sytl3
NK cells,ENSG00000107331.12,Abca2
NK cells,ENSG00000117411.12,B4Galt2
NK cells,ENSG00000204991.6,Spire2
NK cells,ENSG00000158296.9,Slc13A3
NK cells,ENSG00000097021.15,Acot7
NK cells,ENSG00000106327.8,Tfr2
NK cells,ENSG00000158321.11,Auts2
NK cells,ENSG00000198821.6,Cd247
NK cells,ENSG00000175066.11,Gk5
NK cells,ENSG00000141161.7,Unc45B
NK cells,ENSG00000162438.7,Ctrc
NK cells,ENSG00000020633.14,Runx3
NK cells,ENSG00000171617.9,Enc1
NK cells,ENSG00000145730.16,Pam
NK cells,ENSG00000109906.9,Zbtb16
NK cells,ENSG00000145491.7,Ropn1L
NK cells,ENSG00000203799.6,Ccdc162
NK cells,ENSG00000147082.13,Ccnb3
NK cells,ENSG00000129968.11,Abhd17A
NK cells,ENSG00000100427.11,Mlc1
NK cells,ENSG00000176105.9,Yes1
NK cells,ENSG00000103326.6,Capn15
NK cells,ENSG00000145990.6,Gfod1
NK cells,ENSG00000204983.8,Try10
NK cells,ENSG00000150637.4,Cd226
NK cells,ENSG00000172296.8,Sptlc3
NK cells,ENSG00000156787.12,Tbc1D31
NK cells,ENSG00000061676.10,Nckap1
NK cells,ENSG00000026751.12,Slamf7
NK cells,ENSG00000119681.7,Ltbp2
NK cells,ENSG00000100027.10,Ypel1
NK cells,ENSG00000137824.11,Rmdn3
NK cells,ENSG00000101335.5,Myl9
NK cells,ENSG00000141458.8,Npc1
NK cells,ENSG00000171552.8,Bcl2L1
NK cells,ENSG00000094804.5,Cdc6
NK cells,ENSG00000153395.5,Lpcat1
NK cells,ENSG00000158006.9,Pafah2
NK cells,ENSG00000141744.3,Pnmt
NK cells,ENSG00000136950.9,Arpc5L
NK cells,ENSG00000101096.15,Nfatc2
NK cells,ENSG00000105379.5,Etfb
NK cells,ENSG00000189233.7,Nuggc
NK cells,ENSG00000004838.9,Zmynd10
NK cells,ENSG00000007516.9,Baiap3
NK cells,ENSG00000128294.11,Tpst2
NK cells,ENSG00000132718.7,Syt11
NK cells,ENSG00000206052.6,Dok6
NK cells,ENSG00000144290.12,Slc4A10
NK cells,ENSG00000004468.8,Cd38
NK cells,ENSG00000166741.3,Nnmt
NK cells,ENSG00000001561.6,Enpp4
NK cells,ENSG00000022556.11,Nlrp2
NK cells,ENSG00000159784.13,Fam131B
NK cells,ENSG00000135314.8,Khdc1A
NK cells,ENSG00000114126.13,Tfdp2
NK cells,ENSG00000134198.5,Tspan2
NK cells,ENSG00000174527.5,Myo1H
NK cells,ENSG00000168060.10,Naaladl1
NK cells,ENSG00000122824.6,Nudt10
NK cells,ENSG00000047597.5,Xk
NK cells,ENSG00000184925.7,Lcn12
NK cells,ENSG00000123892.7,Rab38
NK cells,ENSG00000197971.10,Mbp
NK cells,ENSG00000162733.12,Ddr2
NK cells,ENSG00000101000.4,Procr
NK cells,ENSG00000068028.13,Rassf1
NK cells,ENSG00000139438.5,Fam222A
NK cells,ENSG00000198574.4,Sh2D1B1
NK cells,ENSG00000167550.6,Rhebl1
NK cells,ENSG00000159259.7,Chaf1B
NK cells,ENSG00000005243.5,Copz2
NK cells,ENSG00000101977.15,Mcf2
NK cells,ENSG00000188322.4,Sbk1
NK cells,ENSG00000131019.6,9230019H11Rik
NK cells,ENSG00000172331.7,Bpgm
NK cells,ENSG00000146670.5,Cdca5
NK cells,ENSG00000131037.10,Eps8L1
NK cells,ENSG00000178573.6,Maf
NK cells,ENSG00000103126.10,Axin1
NK cells,ENSG00000139182.9,Clstn3
NK cells,ENSG00000163453.7,Igfbp7
NK cells,ENSG00000225783.2,Miat
NK cells,ENSG00000221866.5,Plxna4
NK cells,ENSG00000178053.13,Mlf1
NK cells,ENSG00000196368.4,Nudt10
NK cells,ENSG00000070882.8,Osbpl3
NK cells,ENSG00000146433.8,Tmem181A
NK cells,ENSG00000078053.12,Amph
NK cells,ENSG00000135736.5,Ccdc102A
NK cells,ENSG00000146197.7,Scube3
NK cells,ENSG00000137877.8,Sptbn5
NK cells,ENSG00000117155.12,Ssx2Ip
NK cells,ENSG00000162931.7,Trim17
NK cells,ENSG00000117461.10,Pik3R3
NK cells,ENSG00000159111.8,Mrpl10
NK cells,ENSG00000099219.9,Ermp1
NK cells,ENSG00000187942.7,Ldlrad2
NK cells,ENSG00000166821.4,Pex11A
NK cells,ENSG00000175003.8,Slc22A1
NK cells,ENSG00000110080.14,St3Gal4
NK cells,ENSG00000106799.8,Tgfbr1
NK cells,ENSG00000154451.10,Gbp5
NK cells,ENSG00000162639.11,Henmt1
NK cells,ENSG00000144824.15,Phldb2
NK cells,ENSG00000187045.12,Tmprss6
NK cells,ENSG00000145214.9,Dgkq
NK cells,ENSG00000168807.12,Sntb2
NK cells,ENSG00000141469.12,Slc14A1
NK cells,ENSG00000184985.12,Sorcs2
NK cells,ENSG00000117143.9,Uap1
NK cells,ENSG00000162543.5,Ubxn10
NK cells,ENSG00000134824.9,Fads2
NK cells,ENSG00000134508.8,Cables1
NK cells,ENSG00000196914.4,Arhgef12
NK cells,ENSG00000120093.7,Hoxb3
NK cells,ENSG00000197081.8,Igf2R
NK cells,ENSG00000198648.6,Stk39
NK cells,ENSG00000162063.8,Ccnf
NK cells,ENSG00000167549.14,Coro6
NK cells,ENSG00000110906.8,Kctd10
NK cells,ENSG00000181019.8,Nqo1
NK cells,ENSG00000121716.14,Pilrb1
NK cells,ENSG00000124256.10,Zbp1
NK cells,ENSG00000221963.5,Apol6
NK cells,ENSG00000157216.11,Ssbp3
NK cells,ENSG00000113249.8,Havcr1
NK cells,ENSG00000166819.7,Plin1
NK cells,ENSG00000163577.3,Eif5A2
NK cells,ENSG00000106333.8,Pcolce
NK cells,ENSG00000141255.8,Spata22
NK cells,ENSG00000116285.8,Errfi1
NK cells,ENSG00000166908.13,Pip4K2C
NK cells,ENSG00000132016.7,4930432K21Rik
NK cells,ENSG00000171595.9,Dnaic2
NK cells,ENSG00000030419.12,Ikzf2
NK cells,ENSG00000134070.4,Irak2
NK cells,ENSG00000204644.5,Zfp57
NK cells,ENSG00000162434.7,Jak1
NK cells,ENSG00000088179.4,Ptpn4
NK cells,ENSG00000100320.18,Rbfox2
NK cells,ENSG00000134285.6,Fkbp11
NK cells,ENSG00000169258.6,Gprin1
NK cells,ENSG00000143851.11,Ptpn7
NK cells,ENSG00000105409.11,Atp1A3
NK cells,ENSG00000183690.12,Efhc2
NK cells,ENSG00000023909.5,Gclm
NK cells,ENSG00000139116.13,Kif21A
NK cells,ENSG00000067141.12,Neo1
NK cells,ENSG00000133794.13,Arntl
NK cells,ENSG00000150867.9,Pip4K2A
NK cells,ENSG00000197540.3,Gzmm
NK cells,ENSG00000184916.4,Jag2
NK cells,ENSG00000082458.7,Dlg3
NK cells,ENSG00000077235.13,Gtf3C1
NK cells,ENSG00000064393.11,Hipk2
NK cells,ENSG00000085563.10,Abcb1A
NK cells,ENSG00000160050.10,Ccdc28B
NK cells,ENSG00000196684.8,Hsh2D
NK cells,ENSG00000197043.9,Anxa6
NK cells,ENSG00000088881.16,Ebf4
NK cells,ENSG00000182173.8,Tsen54
NK cells,ENSG00000123080.6,Cdkn2C
NK cells,ENSG00000161653.6,Nags
NK cells,ENSG00000183734.4,Ascl2
NK cells,ENSG00000185022.7,Maff
NK cells,ENSG00000145050.11,Manf
NK cells,ENSG00000006025.7,Osbpl7
NK cells,ENSG00000167972.9,Abca3
NK cells,ENSG00000169217.4,Cd2Bp2
NK cells,ENSG00000096996.11,Il12Rb1
NK cells,ENSG00000185527.7,Pde6G
NK cells,ENSG00000139370.6,Slc15A4
NK cells,ENSG00000152128.13,Tmem163
NK cells,ENSG00000198133.4,Tmem229B
NK cells,ENSG00000119242.4,Ccdc92
NK cells,ENSG00000166035.6,Lipc
NK cells,ENSG00000166974.8,Mapre2
NK cells,ENSG00000163113.10,Otud7B
NK cells,ENSG00000213445.4,Sipa1
NK cells,ENSG00000188042.5,Arl4C
NK cells,ENSG00000049247.9,Uts2
NK cells,ENSG00000110651.7,Cd81
NK cells,ENSG00000166025.13,Amotl1
NK cells,ENSG00000156127.6,Batf
NK cells,ENSG00000178607.11,Ern1
NK cells,ENSG00000057657.10,Prdm1
NK cells,ENSG00000135631.11,Rab11Fip5
NK cells,ENSG00000160219.7,Gab3
NK cells,ENSG00000189067.8,Litaf
NK cells,ENSG00000160218.8,Trappc10
NK cells,ENSG00000168792.4,Abhd15
NK cells,ENSG00000178498.11,Dtx3
NK cells,ENSG00000131149.13,Gse1
NK cells,ENSG00000101004.10,Ninl
NK cells,ENSG00000160447.6,Pkn3
NK cells,ENSG00000139044.6,B4Galnt3
NK cells,ENSG00000142686.7,5730409E04Rik
NK cells,ENSG00000241489.3,Ids
NK cells,ENSG00000185885.11,Ifitm1
NK cells,ENSG00000114388.8,Nprl2
NK cells,ENSG00000123240.12,Optn
NK cells,ENSG00000100479.8,Pole2
NK cells,ENSG00000147168.8,Il2Rg
NK cells,ENSG00000150938.5,Crim1
NK cells,ENSG00000104936.13,Dmpk
NK cells,ENSG00000011485.10,Ppp5C
NK cells,ENSG00000027075.9,Prkch
NK cells,ENSG00000080007.6,Ddx43
NK cells,ENSG00000185112.4,Fam43A
NK cells,ENSG00000134242.11,Ptpn22
NK cells,ENSG00000160271.10,Ralgds
NK cells,ENSG00000205045.4,Slfn3
NK cells,ENSG00000076248.6,Ung
NK cells,ENSG00000115526.6,Chst10
NK cells,ENSG00000157379.9,Dhrs1
NK cells,ENSG00000062524.11,Ltk
Nave B cells,ENSG00000169507.5,Slc38A11
Nave B cells,ENSG00000134121.5,Chl1
Nave B cells,ENSG00000197888.2,Ugt2B1
Nave B cells,ENSG00000166342.14,Neto1
Nave B cells,ENSG00000082293.8,Col19A1
Nave B cells,ENSG00000197705.5,Klhl14
Nave B cells,ENSG00000174607.6,Ugt8A
Nave B cells,ENSG00000180287.12,Pld5
Nave B cells,ENSG00000096696.9,Dsp
Nave B cells,ENSG00000172264.12,Macrod2
Nave B cells,ENSG00000082438.11,Cobll1
Nave B cells,ENSG00000026559.9,Kcng1
Nave B cells,ENSG00000126266.2,Ffar1
Nave B cells,ENSG00000012124.10,Cd22
Nave B cells,ENSG00000153993.9,Sema3D
Nave B cells,ENSG00000112280.11,Col9A1
Nave B cells,ENSG00000153253.11,Scn3A
Nave B cells,ENSG00000196092.8,Pax5
Nave B cells,ENSG00000168916.11,Zfp608
Nave B cells,ENSG00000183960.4,Kcnh8
Nave B cells,ENSG00000174469.13,Cntnap2
Nave B cells,ENSG00000156738.13,Ms4A1
Nave B cells,ENSG00000254709.2,Igll1
Nave B cells,ENSG00000092345.9,Dazl
Nave B cells,ENSG00000145864.8,Gabrb2
Nave B cells,ENSG00000103647.8,Coro2B
Nave B cells,ENSG00000106537.7,Tspan13
Nave B cells,ENSG00000177455.7,Cd19
Nave B cells,ENSG00000143297.14,Fcrl5
Nave B cells,ENSG00000160505.11,Nlrp4C
Nave B cells,ENSG00000132185.12,Fcrla
Nave B cells,ENSG00000166736.7,Htr3A
Nave B cells,ENSG00000145721.7,Lix1
Nave B cells,ENSG00000204001.5,Lcn8
Nave B cells,ENSG00000185666.10,Syn3
Nave B cells,ENSG00000182901.11,Rgs7
Nave B cells,ENSG00000100721.6,Tcl1
Nave B cells,ENSG00000118432.11,Cnr1
Nave B cells,ENSG00000214290.3,Colca2
Nave B cells,ENSG00000164330.12,Ebf1
Nave B cells,ENSG00000163534.10,Fcrl1
Nave B cells,ENSG00000120278.10,Plekhg1
Nave B cells,ENSG00000137571.6,Slco5A1
Nave B cells,ENSG00000171992.8,Synpo
Nave B cells,ENSG00000005471.11,Abcb4
Nave B cells,ENSG00000153064.7,Bank1
Nave B cells,ENSG00000150625.12,Gpm6A
Nave B cells,ENSG00000213231.8,Tcl1B1
Nave B cells,ENSG00000132464.7,Enam
Nave B cells,ENSG00000128218.7,Vpreb3
Nave B cells,ENSG00000151090.13,Thrb
Nave B cells,ENSG00000150556.12,Lypd6B
Nave B cells,ENSG00000136573.8,Blk
Nave B cells,ENSG00000170456.10,Dennd5B
Nave B cells,ENSG00000176490.4,Diras1
Nave B cells,ENSG00000079931.10,Moxd1
Nave B cells,ENSG00000165810.12,Btnl9
Nave B cells,ENSG00000136237.14,Rapgef5
Nave B cells,ENSG00000154380.12,Enah
Nave B cells,ENSG00000174944.4,P2Ry14
Nave B cells,ENSG00000184226.10,Pcdh9
Nave B cells,ENSG00000110777.7,Pou2Af1
Nave B cells,ENSG00000086967.9,Mybpc2
Nave B cells,ENSG00000136531.9,Scn2A
Nave B cells,ENSG00000269404.2,Spib
Nave B cells,ENSG00000060709.9,Rimbp2
Nave B cells,ENSG00000134532.11,Sox5
Nave B cells,ENSG00000095585.12,Blnk
Nave B cells,ENSG00000002587.5,Hs3St1
Nave B cells,ENSG00000104921.10,Fcer2A
Nave B cells,ENSG00000126733.16,Dach2
Nave B cells,ENSG00000159958.3,Tnfrsf13C
Nave B cells,ENSG00000167641.6,Ppp1R14A
Nave B cells,ENSG00000188848.11,Bend4
Nave B cells,ENSG00000204290.6,Btnl2
Nave B cells,ENSG00000099958.10,Derl3
Nave B cells,ENSG00000242265.1,Peg10
Nave B cells,ENSG00000105974.7,Cav1
Nave B cells,ENSG00000124772.7,Cpne5
Nave B cells,ENSG00000112486.10,Ccr6
Nave B cells,ENSG00000116194.8,Angptl1
Nave B cells,ENSG00000240505.4,Tnfrsf13B
Nave B cells,ENSG00000170476.11,Mzb1
Nave B cells,ENSG00000152689.13,Rasgrp3
Nave B cells,ENSG00000157734.9,Snx22
Nave B cells,ENSG00000163958.9,Zdhhc19
Nave B cells,ENSG00000123095.5,Bhlhe41
Nave B cells,ENSG00000144645.9,Osbpl10
Nave B cells,ENSG00000112232.8,Khdrbs2
Nave B cells,ENSG00000143869.5,Gdf7
Nave B cells,ENSG00000116191.13,Ralgps2
Nave B cells,ENSG00000042980.8,Adam28
Nave B cells,ENSG00000105369.5,Cd79A
Nave B cells,ENSG00000182379.9,Nxph4
Nave B cells,ENSG00000137727.8,Arhgap20
Nave B cells,ENSG00000117215.10,Pla2G2D
Nave B cells,ENSG00000172139.10,Slc9C1
Nave B cells,ENSG00000177425.6,Pawr
Nave B cells,ENSG00000073464.7,Clcn4
Nave B cells,ENSG00000160683.4,Cxcr5
Nave B cells,ENSG00000165066.11,Nkx6-3
Nave B cells,ENSG00000184305.10,Ccser1
Nave B cells,ENSG00000048462.6,Tnfrsf17
Nave B cells,ENSG00000100234.11,Timp3
Nave B cells,ENSG00000130702.9,Lama5
Nave B cells,ENSG00000142583.13,Slc2A5
Nave B cells,ENSG00000197594.7,Enpp1
Nave B cells,ENSG00000144218.14,Aff3
Nave B cells,ENSG00000128641.13,Myo1B
Nave B cells,ENSG00000182240.11,Bace2
Nave B cells,ENSG00000083454.17,P2Rx5
Nave B cells,ENSG00000065923.5,Slc9A7
Nave B cells,ENSG00000078018.15,Map2
Nave B cells,ENSG00000169116.7,Parm1
Nave B cells,ENSG00000135862.5,Lamc1
Nave B cells,ENSG00000092969.7,Tgfb2
Nave B cells,ENSG00000137270.10,Gcm1
Nave B cells,ENSG00000091972.14,Cd200
Nave B cells,ENSG00000147642.12,Sybu
Nave B cells,ENSG00000183742.8,Macc1
Nave B cells,ENSG00000202601.2,Mir582
Nave B cells,ENSG00000035720.3,Stap1
Nave B cells,ENSG00000169031.14,Col4A3
Nave B cells,ENSG00000157470.7,Fam81A
Nave B cells,ENSG00000139899.6,Cbln3
Nave B cells,ENSG00000154721.10,Jam2
Nave B cells,ENSG00000158715.5,Slc45A3
Nave B cells,ENSG00000136244.7,Il6
Nave B cells,ENSG00000243156.3,Mical3
Nave B cells,ENSG00000163071.6,Spata18
Nave B cells,ENSG00000127990.11,Sgce
Nave B cells,ENSG00000168734.9,Pkig
Nave B cells,ENSG00000241106.2,H2-Ob
Nave B cells,ENSG00000163687.9,Dnase1L3
Nave B cells,ENSG00000120160.6,Eqtn
Nave B cells,ENSG00000120049.14,Kcnip2
Nave B cells,ENSG00000176533.8,Gng7
Nave B cells,ENSG00000110987.4,Bcl7A
Nave B cells,ENSG00000256574.2,Olfr211
Nave B cells,ENSG00000007314.7,Scn4A
Nave B cells,ENSG00000205683.7,Dpf3
Nave B cells,ENSG00000075275.12,Celsr1
Nave B cells,ENSG00000137204.10,Slc22A7
Nave B cells,ENSG00000002745.8,Wnt16
Nave B cells,ENSG00000198910.8,L1Cam
Nave B cells,ENSG00000168081.4,Pnoc
Nave B cells,ENSG00000142182.4,Dnmt3L
Nave B cells,ENSG00000152785.6,Bmp3
Nave B cells,ENSG00000186075.8,Zpbp2
Nave B cells,ENSG00000119866.16,Bcl11A
Nave B cells,ENSG00000101017.9,Cd40
Nave B cells,ENSG00000163697.12,Apbb2
Nave B cells,ENSG00000255733.1,Ifngas1
Nave B cells,ENSG00000135074.11,Adam19
Nave B cells,ENSG00000196628.9,Tcf4
Nave B cells,ENSG00000172071.7,Eif2Ak3
Nave B cells,ENSG00000138685.8,Fgf2
Nave B cells,ENSG00000137101.8,Cd72
Nave B cells,ENSG00000135116.5,Hrk
Nave B cells,ENSG00000076554.11,Tpd52
Nave B cells,ENSG00000186265.5,Btla
Nave B cells,ENSG00000184307.9,Zdhhc23
Nave B cells,ENSG00000146215.9,Crip3
Nave B cells,ENSG00000147799.7,Arhgap39
Nave B cells,ENSG00000196937.6,Fam3C
Nave B cells,ENSG00000188822.6,Cnr2
Nave B cells,ENSG00000101057.11,Mybl2
Nave B cells,ENSG00000165209.14,Strbp
Nave B cells,ENSG00000072694.14,Fcgr2B
Nave B cells,ENSG00000091490.6,Sel1L3
Nave B cells,ENSG00000173715.11,Gm960
Nave B cells,ENSG00000221968.4,Fads3
Nave B cells,ENSG00000185436.7,Ifnlr1
Nave B cells,ENSG00000062370.12,Zfp112
Nave B cells,ENSG00000124225.11,Pmepa1
Nave B cells,ENSG00000204852.11,Tctn1
Nave B cells,ENSG00000133056.9,Pik3C2B
Nave B cells,ENSG00000151748.10,Sav1
Nave B cells,ENSG00000151320.6,Akap6
Nave B cells,ENSG00000239264.4,Txndc5
Nave B cells,ENSG00000137502.5,Rab30
Nave B cells,ENSG00000127318.6,Il22
Nave B cells,ENSG00000131941.3,Rhpn2
Nave B cells,ENSG00000166833.15,Nav2
Nave B cells,ENSG00000179299.12,Nsun7
Nave B cells,ENSG00000107719.8,Pald1
Nave B cells,ENSG00000112320.7,Sobp
Nave B cells,ENSG00000077238.9,Il4Ra
Nave B cells,ENSG00000110042.3,Dtx4
Nave B cells,ENSG00000165383.6,Lrrc18
Nave B cells,ENSG00000109684.10,Clnk
Nave B cells,ENSG00000003249.9,Dbndd1
Nave B cells,ENSG00000204252.8,H2-Oa
Nave B cells,ENSG00000128602.5,Smo
Nave B cells,ENSG00000128268.11,Mgat3
Nave B cells,ENSG00000164236.7,Ankrd33B
Nave B cells,ENSG00000169495.4,Htra4
Nave B cells,ENSG00000148429.10,Usp6Nl
Nave B cells,ENSG00000058091.12,Cdk14
Nave B cells,ENSG00000133740.6,E2F5
Nave B cells,ENSG00000119333.7,Wdr34
Nave B cells,ENSG00000162510.5,Matn1
Nave B cells,ENSG00000074219.9,Tead2
Nave B cells,ENSG00000234883.2,Mir155Hg
Nave B cells,ENSG00000101871.10,Mid1
Nave B cells,ENSG00000121895.7,Tmem156
Nave B cells,ENSG00000141753.5,Igfbp4
Nave B cells,ENSG00000117322.12,Cr2
Nave B cells,ENSG00000155189.7,Agpat5
Nave B cells,ENSG00000150995.13,Itpr1
Nave B cells,ENSG00000153162.8,Bmp6
Nave B cells,ENSG00000179088.10,1700113H08Rik
Nave B cells,ENSG00000178075.15,Gramd1C
Nave B cells,ENSG00000118491.7,Zc2Hc1B
Nave B cells,ENSG00000156011.12,Psd3
Nave B cells,ENSG00000152056.12,Ap1S3
Nave B cells,ENSG00000105877.13,Dnah11
Nave B cells,ENSG00000120329.4,Slc25A2
Nave B cells,ENSG00000135144.3,Dtx1
Nave B cells,ENSG00000101210.6,Eef1A2
Nave B cells,ENSG00000110841.9,Ppfibp1
Nave B cells,ENSG00000239388.4,Asb14
Nave B cells,ENSG00000165338.12,Hectd2
Nave B cells,ENSG00000137936.12,Bcar3
Nave B cells,ENSG00000137265.10,Irf4
Nave B cells,ENSG00000102349.10,Klf8
Nave B cells,ENSG00000166743.5,Acsm1
Nave B cells,ENSG00000158457.4,Tspan33
Nave B cells,ENSG00000172771.7,Efcab12
Nave B cells,ENSG00000164649.15,Cdca7L
Nave B cells,ENSG00000145103.8,Ildr1
Nave B cells,ENSG00000163029.11,Smc6
Nave B cells,ENSG00000169762.12,Tapt1
Nave B cells,ENSG00000112195.8,Treml2
Nave B cells,ENSG00000170390.10,Dclk2
Nave B cells,ENSG00000137942.12,Fnbp1L
Nave B cells,ENSG00000107438.4,Pdlim1
Nave B cells,ENSG00000135925.4,Wnt10A
Nave B cells,ENSG00000172548.10,Nipal4
Nave B cells,ENSG00000023445.9,Birc3
Nave B cells,ENSG00000196735.7,H2-Aa
Nave B cells,ENSG00000168811.2,Il12A
Nave B cells,ENSG00000152127.4,Mgat5
Nave B cells,ENSG00000128815.13,Wdfy4
Nave B cells,ENSG00000171766.11,Gatm
Nave B cells,ENSG00000171989.4,Ldhal6B
Nave B cells,ENSG00000154240.12,Cep112
Nave B cells,ENSG00000178295.10,Gen1
Nave B cells,ENSG00000165661.11,Qsox2
Nave B cells,ENSG00000152492.9,Ccdc50
Nave B cells,ENSG00000171408.9,Pde7B
Nave B cells,ENSG00000152894.10,Ptprk
Nave B cells,ENSG00000120162.9,Mob3B
Nave B cells,ENSG00000110851.7,Prdm4
Nave B cells,ENSG00000103365.11,Gga2
Nave B cells,ENSG00000170743.12,Syt9
Nave B cells,ENSG00000259384.2,Gh
Nave B cells,ENSG00000188295.10,Zfp963
Nave B cells,ENSG00000081923.6,Atp8B1
Nave B cells,ENSG00000114446.4,Ift57
Nave B cells,ENSG00000185668.5,Pou3F1
Nave B cells,ENSG00000013619.9,Mamld1
Nave B cells,ENSG00000076604.10,Traf4
Nave B cells,ENSG00000081052.10,Col4A4
Nave B cells,ENSG00000171467.11,Zfp318
Nave B cells,ENSG00000110092.3,Ccnd1
Nave B cells,ENSG00000112290.8,Wasf1
Nave B cells,ENSG00000154040.16,Cabyr
Nave B cells,ENSG00000183801.3,Olfml1
Nave B cells,ENSG00000110660.10,Slc35F2
Nave B cells,ENSG00000137478.10,Fchsd2
Nave B cells,ENSG00000226306.6,Npy6R
Nave B cells,ENSG00000137558.3,Pi15
Nave B cells,ENSG00000147905.13,Zcchc7
Nave B cells,ENSG00000130783.9,Ccdc62
Nave B cells,ENSG00000160602.9,Nek8
Nave B cells,ENSG00000182108.5,Dexi
Nave B cells,ENSG00000180543.3,Tspyl5
Nave B cells,ENSG00000169499.10,Plekha2
Nave B cells,ENSG00000176927.10,Efcab5
Nave B cells,ENSG00000164938.9,Trp53Inp1
Nave B cells,ENSG00000172869.10,Dmxl1
Nave B cells,ENSG00000177548.8,Rabep2
Nave B cells,ENSG00000179583.13,Ciita
Nave B cells,ENSG00000145349.12,Camk2D
Nave B cells,ENSG00000235947.1,Egot
Nave B cells,ENSG00000104432.8,Il7
Nave B cells,ENSG00000205189.7,Zbtb10
Nave B cells,ENSG00000165028.7,Nipsnap3A
Nave B cells,ENSG00000169504.10,Clic4
Nave B cells,ENSG00000122986.9,Hvcn1
Nave B cells,ENSG00000139174.6,Prickle1
Nave B cells,ENSG00000092820.13,Ezr
Nave B cells,ENSG00000197381.11,Adarb1
Nave B cells,ENSG00000111666.6,Chpt1
Nave B cells,ENSG00000187080.7,Olfr316
Nave B cells,ENSG00000185567.6,Ahnak2
Nave B cells,ENSG00000178852.11,Gm11639
Nave B cells,ENSG00000006432.11,Map3K9
Nave B cells,ENSG00000144061.8,Nphp1
Nave B cells,ENSG00000102984.10,Zfp821
Nave B cells,ENSG00000118557.11,Pmfbp1
Nave B cells,ENSG00000123552.13,Usp45
Nave B cells,ENSG00000104154.5,Slc30A4
Nave B cells,ENSG00000169902.9,Tpst1
Nave B cells,ENSG00000156172.5,2610301B20Rik
Nave B cells,ENSG00000121570.8,Dppa4
Nave B cells,ENSG00000123119.7,Necab1
Nave B cells,ENSG00000130348.7,Qrsl1
Nave B cells,ENSG00000091879.9,Angpt2
Nave B cells,ENSG00000151292.13,Csnk1G3
Nave B cells,ENSG00000117009.7,Kmo
Nave B cells,ENSG00000109762.11,Snx25
Nave B cells,ENSG00000112149.5,Cd83
Nave B cells,ENSG00000007952.13,Nox1
Nave B cells,ENSG00000105738.6,Sipa1L3
Nave B cells,ENSG00000108559.7,Nup88
Nave B cells,ENSG00000175893.7,Zdhhc21
Nave B cells,ENSG00000103942.8,Homer2
Nave B cells,ENSG00000138193.10,Plce1
Nave B cells,ENSG00000168026.12,Ttc21A
Nave B cells,ENSG00000162738.5,Vangl2
Nave B cells,ENSG00000147180.12,Zfp711
Nave B cells,ENSG00000173890.12,Gpr160
Nave B cells,ENSG00000141485.11,Slc13A5
Nave B cells,ENSG00000162373.8,Bend5
Nave B cells,ENSG00000138722.5,Mmrn1
Nave B cells,ENSG00000157456.3,Ccnb2
Nave B cells,ENSG00000138593.4,Secisbp2L
Nave B cells,ENSG00000185033.10,Sema4B
Nave B cells,ENSG00000152268.8,Spon1
Nave B cells,ENSG00000181023.5,Olfr504
Nave B cells,ENSG00000124508.12,Btn2A2
Nave B cells,ENSG00000186765.7,Fscn2
Nave B cells,ENSG00000204580.7,Ddr1
Nave B cells,ENSG00000174485.10,Dennd4A
Nave B cells,ENSG00000197879.10,Myo1C
Nave B cells,ENSG00000178199.9,Zc3H12D
Nave B cells,ENSG00000151687.10,Ankar
Nave B cells,ENSG00000120729.5,Myot
Nave B cells,ENSG00000147912.8,Fbxo10
Nave B cells,ENSG00000136052.5,Slc41A2
Nave B cells,ENSG00000117519.11,Cnn3
Nave B cells,ENSG00000130787.9,Hip1R
Nave B cells,ENSG00000116731.18,Prdm2
Nave B cells,ENSG00000145365.10,Tifa
Nave B cells,ENSG00000082512.10,Traf5
Nave B cells,ENSG00000100483.9,Vcpkmt
Nave B cells,ENSG00000109771.11,Lrp2Bp
Nave B cells,ENSG00000104549.7,Sqle
Nave B cells,ENSG00000165895.13,Arhgap42
Nave B cells,ENSG00000198046.7,Zfp667
Nave B cells,ENSG00000081189.9,Mef2C
Nave B cells,ENSG00000157483.4,Myo1E
Nave B cells,ENSG00000082146.8,Stradb
Nave B cells,ENSG00000183066.10,Wbp2Nl
Nave B cells,ENSG00000171067.6,1810055G02Rik
Nave B cells,ENSG00000114784.3,Eif1B
Nave B cells,ENSG00000069966.14,Gnb5
Nave B cells,ENSG00000185585.15,Olfml2A
Nave B cells,ENSG00000171132.9,Prkce
Nave B cells,ENSG00000151079.6,Kcna6
Nave B cells,ENSG00000130653.11,Pnpla7
Nave B cells,ENSG00000078795.12,Pkd2L2
Nave B cells,ENSG00000104894.7,Cd37
Nave B cells,ENSG00000100473.11,Coch
Nave B cells,ENSG00000133818.8,Rras2
Nave B cells,ENSG00000143512.8,Hhipl2
Nave B cells,ENSG00000108960.3,Mmd
Nave B cells,ENSG00000162144.5,Cyb561A3
Nave B cells,ENSG00000010219.9,Dyrk4
Nave B cells,ENSG00000063127.11,Slc6A16
Nave B cells,ENSG00000111602.7,Timeless
Nave B cells,ENSG00000117906.9,Rcn2
Nave B cells,ENSG00000179256.2,Smco3
Nave B cells,ENSG00000154102.6,1190005I06Rik
Nave B cells,ENSG00000177025.3,2900092C05Rik
Nave B cells,ENSG00000079819.12,Epb41L2
Nave B cells,ENSG00000123600.14,Mettl8
Nave B cells,ENSG00000127920.5,Gng11
Nave B cells,ENSG00000171109.14,Mfn1
Nave B cells,ENSG00000163376.7,Kbtbd8
Nave B cells,ENSG00000182489.7,Xkrx
Nave B cells,ENSG00000173581.3,Ccdc106
Nave B cells,ENSG00000169570.5,Dtwd2
Nave B cells,ENSG00000107242.13,Pip5K1B
Nave B cells,ENSG00000109321.6,Areg
Nave B cells,ENSG00000162817.6,C130074G19Rik
Nave B cells,ENSG00000110848.4,Cd69
Nave B cells,ENSG00000144554.6,Fancd2
Nave B cells,ENSG00000133789.10,Swap70
Nave B cells,ENSG00000164440.10,Txlnb
Nave B cells,ENSG00000150347.10,Arid5B
Nave B cells,ENSG00000179344.12,H2-Ab1
Nave B cells,ENSG00000048471.9,Snx29
Nave B cells,ENSG00000234911.1,Tex21
Nave B cells,ENSG00000136045.7,Pwp1
Nave B cells,ENSG00000170482.12,Slc23A1
Nave B cells,ENSG00000186063.8,Aida
Nave B cells,ENSG00000154309.7,Disp1
Nave B cells,ENSG00000012660.9,Elovl5
Nave B cells,ENSG00000067066.12,Sp100
Nave B cells,ENSG00000130413.11,Stk33
Nave B cells,ENSG00000143498.13,Taf1A
Nave B cells,ENSG00000139291.9,Tmem19
Nave B cells,ENSG00000197557.6,Ttc30A1
Nave B cells,ENSG00000198178.6,Clec4B1
Nave B cells,ENSG00000076716.7,Gpc4
Nave B cells,ENSG00000185250.11,Ppil6
Nave B cells,ENSG00000100580.7,Tmed8
Nave B cells,ENSG00000171316.7,Chd7
Nave B cells,ENSG00000112293.10,Gpld1
Nave B cells,ENSG00000186051.4,Tal2
Nave B cells,ENSG00000128989.6,Arpp19
Nave B cells,ENSG00000129197.10,Rpain
Nave B cells,ENSG00000163406.6,Slc15A2
Nave B cells,ENSG00000025772.7,Tomm34
Nave B cells,ENSG00000160321.10,Zfp619
Nave B cells,ENSG00000138115.9,Cyp2C29
Nave B cells,ENSG00000173145.7,Noc3L
Nave B cells,ENSG00000008311.10,Aass
Nave B cells,ENSG00000214595.7,Eml6
Nave B cells,ENSG00000072134.11,Epn2
Nave B cells,ENSG00000181074.3,Olfr503
Nave B cells,ENSG00000167900.7,Tk1
Nave B cells,ENSG00000163644.10,Ppm1K
Nave B cells,ENSG00000074657.9,Zfp532
Nave B cells,ENSG00000112182.10,Bach2
Nave B cells,ENSG00000171757.11,Lrrc34
Nave B cells,ENSG00000138639.13,Arhgap24
Nave B cells,ENSG00000171681.8,Atf7Ip
Nave B cells,ENSG00000136141.10,Lrch1
Nave B cells,ENSG00000152784.11,Prdm8
Nave B cells,ENSG00000139618.10,Brca2
Nave B cells,ENSG00000102001.8,Cacna1F
Nave B cells,ENSG00000174405.9,Lig4
Nave B cells,ENSG00000079263.14,Sp140
Nave B cells,ENSG00000092529.18,Capn3
Nave B cells,ENSG00000047457.9,Cp
Nave B cells,ENSG00000048052.17,Hdac9
Nave B cells,ENSG00000235750.5,4930523C07Rik
Nave B cells,ENSG00000181192.7,Dhtkd1
Nave B cells,ENSG00000129071.5,Mbd4
Nave B cells,ENSG00000160991.11,Orai2
Nave B cells,ENSG00000079950.9,Stx7
Nave B cells,ENSG00000096093.10,Efhc1
Nave B cells,ENSG00000047346.8,Fam214A
Nave B cells,ENSG00000242574.4,H2-Dmb1
Nave B cells,ENSG00000207721.1,Mir186
Nave B cells,ENSG00000124374.8,Paip2B
Nave B cells,ENSG00000138182.10,Kif20B
Nave B cells,ENSG00000205213.9,Lgr4
Nave B cells,ENSG00000185792.5,Nlrp9B
Nave B cells,ENSG00000107362.9,Abhd17B
Nave B cells,ENSG00000078589.8,P2Ry10
Nave B cells,ENSG00000214140.6,Prcd
Nave B cells,ENSG00000164933.7,Slc25A32
Nave B cells,ENSG00000198825.7,Inpp5F
Nave B cells,ENSG00000140968.6,Irf8
Nave B cells,ENSG00000172183.10,Isg20
Nave B cells,ENSG00000138623.5,Sema7A
Nave B cells,ENSG00000064651.9,Slc12A2
Nave B cells,ENSG00000161973.6,Ccdc42
Nave B cells,ENSG00000104064.12,Gabpb1
Nave B cells,ENSG00000196549.6,Mme
Nave B cells,ENSG00000115758.8,Odc1
Nave B cells,ENSG00000144468.12,Rhbdd1
Nave B cells,ENSG00000147854.12,Uhrf2
Nave B cells,ENSG00000155329.7,Zcchc10
Nave B cells,ENSG00000157500.6,Appl1
Nave B cells,ENSG00000143882.5,Atp6V1C2
Nave B cells,ENSG00000175183.5,Csrp2
Nave B cells,ENSG00000111696.7,Nt5Dc3
Nave B cells,ENSG00000152484.9,Usp12
Nave B cells,ENSG00000151773.8,Ccdc122
Nave B cells,ENSG00000029725.12,Rabep1
Nave B cells,ENSG00000137842.2,Tmem62
Nave B cells,ENSG00000119862.8,Lgalsl
Nave B cells,ENSG00000137968.12,Slc44A5
Nave B cells,ENSG00000253457.1,Smim18
Nave B cells,ENSG00000115993.7,Trak2
Nave B cells,ENSG00000213782.3,Ddx47
Nave B cells,ENSG00000149636.11,Dsn1
Nave B cells,ENSG00000146006.7,Lrrtm2
Nave B cells,ENSG00000057468.6,Msh4
Nave B cells,ENSG00000157796.13,Wdr19
Nave B cells,ENSG00000170382.7,Lrrn2
Nave B cells,ENSG00000100276.9,Rasl10A
Nave B cells,ENSG00000173276.9,Zbtb21
Nave B cells,ENSG00000173875.9,Zfp791
Nave B cells,ENSG00000140750.12,Arhgap17
Nave B cells,ENSG00000162924.9,Rel
Nave B cells,ENSG00000143390.13,Rfx5
Nave B cells,ENSG00000111880.11,Rngtt
Nave B cells,ENSG00000073849.10,St6Gal1
Nave B cells,ENSG00000099954.14,Cecr2
Nave B cells,ENSG00000153347.5,Fam81B
Nave B cells,ENSG00000164849.7,Gpr146
Nave B cells,ENSG00000126952.12,Nxf2
Nave B cells,ENSG00000145246.9,Atp10D
Nave B cells,ENSG00000138131.3,Loxl4
Nave B cells,ENSG00000069188.12,Sdk2
Nave B cells,ENSG00000202517.1,Snora64
Nave B cells,ENSG00000215417.6,Mir17Hg
Nave B cells,ENSG00000048392.7,Rrm2B
Nave B cells,ENSG00000007312.8,Cd79B
Nave B cells,ENSG00000188993.3,Lrrc66
Nave B cells,ENSG00000198625.8,Mdm4
Nave B cells,ENSG00000143190.17,Pou2F1
Nave B cells,ENSG00000166949.11,Smad3
Nave CD4+ T cells,ENSG00000102245.3,Cd40Lg
Nave CD4+ T cells,ENSG00000070526.10,St6Galnac1
Nave CD4+ T cells,ENSG00000164512.13,Ankrd55
Nave CD4+ T cells,ENSG00000104725.9,Nefl
Nave CD4+ T cells,ENSG00000107447.4,Dntt
Nave CD4+ T cells,ENSG00000182463.11,Tshz2
Nave CD4+ T cells,ENSG00000144152.8,Fbln7
Nave CD4+ T cells,ENSG00000183813.6,Ccr4
Nave CD4+ T cells,ENSG00000111863.8,Adtrp
Nave CD4+ T cells,ENSG00000182010.6,Rtkn2
Nave CD4+ T cells,ENSG00000167768.4,Krt1
Nave CD4+ T cells,ENSG00000189283.5,Fhit
Nave CD4+ T cells,ENSG00000134363.7,Fst
Nave CD4+ T cells,ENSG00000178038.12,Als2Cl
Nave CD4+ T cells,ENSG00000182253.10,Synm
Nave CD4+ T cells,ENSG00000156395.8,Sorcs3
Nave CD4+ T cells,ENSG00000148498.11,Pard3
Nave CD4+ T cells,ENSG00000151150.16,Ank3
Nave CD4+ T cells,ENSG00000143167.7,Gpa33
Nave CD4+ T cells,ENSG00000179913.6,B3Gnt3
Nave CD4+ T cells,ENSG00000163599.10,Ctla4
Nave CD4+ T cells,ENSG00000101230.5,Ism1
Nave CD4+ T cells,ENSG00000157570.7,Tspan18
Nave CD4+ T cells,ENSG00000070718.7,Ap3M2
Nave CD4+ T cells,ENSG00000115896.11,Plcl1
Nave CD4+ T cells,ENSG00000151640.8,Dpysl4
Nave CD4+ T cells,ENSG00000151715.3,Tmem45B
Nave CD4+ T cells,ENSG00000147408.10,Csgalnact1
Nave CD4+ T cells,ENSG00000165568.13,Akr1E1
Nave CD4+ T cells,ENSG00000187134.8,Akr1C21
Nave CD4+ T cells,ENSG00000151632.12,Akr1C21
Nave CD4+ T cells,ENSG00000163519.9,Trat1
Nave CD4+ T cells,ENSG00000049768.10,Foxp3
Nave CD4+ T cells,ENSG00000104611.7,Sh2D4A
Nave CD4+ T cells,ENSG00000100558.4,Plek2
Nave CD4+ T cells,ENSG00000143502.10,Susd4
Nave CD4+ T cells,ENSG00000055732.8,Mcoln3
Nave CD4+ T cells,ENSG00000167191.7,Gprc5B
Nave CD4+ T cells,ENSG00000164530.9,Pi16
Nave CD4+ T cells,ENSG00000173848.14,Net1
Nave CD4+ T cells,ENSG00000154764.5,Wnt7A
Nave CD4+ T cells,ENSG00000166863.7,Tac2
Nave CD4+ T cells,ENSG00000215475.3,Siah3
Nave CD4+ T cells,ENSG00000182585.5,Epgn
Nave CD4+ T cells,ENSG00000123454.6,Dbh
Nave CD4+ T cells,ENSG00000168646.8,Axin2
Nave CD4+ T cells,ENSG00000181585.3,Tmie
Nave CD4+ T cells,ENSG00000165617.10,Dact1
Nave CD4+ T cells,ENSG00000081026.14,Magi3
Nave CD4+ T cells,ENSG00000227051.4,D430019H16Rik
Nave CD4+ T cells,ENSG00000177301.9,Kcna2
Nave CD4+ T cells,ENSG00000170293.4,Cmtm8
Nave CD4+ T cells,ENSG00000188385.7,Jakmip3
Nave CD4+ T cells,ENSG00000123453.12,Sardh
Nave CD4+ T cells,ENSG00000100346.13,Cacna1I
Nave CD4+ T cells,ENSG00000111879.14,Fam184A
Nave CD4+ T cells,ENSG00000163600.8,Icos
Nave CD4+ T cells,ENSG00000140807.4,Nkd1
Nave CD4+ T cells,ENSG00000135960.5,Edar
Nave CD4+ T cells,ENSG00000136960.8,Enpp2
Nave CD4+ T cells,ENSG00000137266.10,Slc22A23
Nave CD4+ T cells,ENSG00000022267.12,Fhl1
Nave CD4+ T cells,ENSG00000138449.6,Slc40A1
Nave CD4+ T cells,ENSG00000188266.9,Hykk
Nave CD4+ T cells,ENSG00000156510.11,Hkdc1
Nave CD4+ T cells,ENSG00000107104.14,Kank1
Nave CD4+ T cells,ENSG00000169435.9,Rassf6
Nave CD4+ T cells,ENSG00000155966.9,Aff2
Nave CD4+ T cells,ENSG00000119771.10,Klhl29
Nave CD4+ T cells,ENSG00000102934.5,Pllp
Nave CD4+ T cells,ENSG00000165730.10,Stox1
Nave CD4+ T cells,ENSG00000102038.11,Smarca1
Nave CD4+ T cells,ENSG00000078596.6,Itm2A
Nave CD4+ T cells,ENSG00000106123.7,Ephb6
Nave CD4+ T cells,ENSG00000141150.3,Rasl10B
Nave CD4+ T cells,ENSG00000134352.15,Il6St
Nave CD4+ T cells,ENSG00000109452.8,Inpp4B
Nave CD8+ T cells,ENSG00000161681.11,Shank1
Nave CD8+ T cells,ENSG00000172116.17,Cd8B1
Nave CD8+ T cells,ENSG00000120057.4,Sfrp5
Nave CD8+ T cells,ENSG00000141750.6,Stac2
Nave CD8+ T cells,ENSG00000165349.7,Slc7A3
Nave CD8+ T cells,ENSG00000129946.6,Shc2
Nave CD8+ T cells,ENSG00000050165.13,Dkk3
Nave CD8+ T cells,ENSG00000169855.15,Robo1
Nave CD8+ T cells,ENSG00000174807.3,Cd248
Nave CD8+ T cells,ENSG00000167880.3,Evpl
Nave CD8+ T cells,ENSG00000171451.13,Dsel
Nave CD8+ T cells,ENSG00000198478.6,Sh3Bgrl2
Nave CD8+ T cells,ENSG00000112655.11,Ptk7
Nave CD8+ T cells,ENSG00000107281.5,Npdc1
Nave CD8+ T cells,ENSG00000090920.9,Fcgbp
Nave CD8+ T cells,ENSG00000144868.9,Tmem108
Nave CD8+ T cells,ENSG00000138738.6,Prdm5
Nave CD8+ T cells,ENSG00000158525.11,Cpa5
Nave CD8+ T cells,ENSG00000172179.7,Prl
Nave CD8+ T cells,ENSG00000134193.10,Reg4
Nave CD8+ T cells,ENSG00000126259.15,Kirrel2
Nave CD8+ T cells,ENSG00000113758.9,Dbn1
Nave CD8+ T cells,ENSG00000167780.7,Soat2
Nave CD8+ T cells,ENSG00000102109.7,Pcsk1N
Nave CD8+ T cells,ENSG00000121743.3,Gja3
Nave CD8+ T cells,ENSG00000011028.9,Mrc2
Nave CD8+ T cells,ENSG00000136002.12,Arhgef4
Nave CD8+ T cells,ENSG00000177990.7,Dpy19L2
Nave CD8+ T cells,ENSG00000132321.12,Iqca
Nave CD8+ T cells,ENSG00000091129.15,Nrcam
Nave CD8+ T cells,ENSG00000153563.11,Cd8A
Nave CD8+ T cells,ENSG00000162576.12,Mxra8
Nave CD8+ T cells,ENSG00000163520.9,Fbln2
Nave CD8+ T cells,ENSG00000099957.12,P2Rx6
Nave CD8+ T cells,ENSG00000174460.3,Zcchc12
Nave CD8+ T cells,ENSG00000110881.7,Asic1
Nave CD8+ T cells,ENSG00000109943.4,Crtam
Nave CD8+ T cells,ENSG00000129654.7,Foxj1
Nave CD8+ T cells,ENSG00000107249.17,Glis3
Nave CD8+ T cells,ENSG00000092068.14,Slc7A8
Nave CD8+ T cells,ENSG00000106484.10,Mest
Nave CD8+ T cells,ENSG00000133069.10,Tmcc2
Nave CD8+ T cells,ENSG00000065361.10,Erbb3
Nave CD8+ T cells,ENSG00000037280.11,Flt4
Nave CD8+ T cells,ENSG00000183018.4,Spns2
Nave CD8+ T cells,ENSG00000076706.10,Mcam
Nave CD8+ T cells,ENSG00000204381.7,Layn
Nave CD8+ T cells,ENSG00000092621.7,Phgdh
Nave CD8+ T cells,ENSG00000105699.12,Lsr
Nave CD8+ T cells,ENSG00000072195.10,Speg
Nave CD8+ T cells,ENSG00000115257.11,Pcsk4
Nave CD8+ T cells,ENSG00000128040.6,Spink2
Nave CD8+ T cells,ENSG00000162714.8,Zkscan17
Nave CD8+ T cells,ENSG00000120645.7,Iqsec3
Nave CD8+ T cells,ENSG00000100505.9,Trim9
Nave CD8+ T cells,ENSG00000166126.6,Amn
Nave CD8+ T cells,ENSG00000163359.11,Col6A3
Nave CD8+ T cells,ENSG00000158747.9,Nbl1
Nave CD8+ T cells,ENSG00000146856.10,Agbl3
Nave CD8+ T cells,ENSG00000171517.5,Lpar3
Nave CD8+ T cells,ENSG00000159212.8,Clic6
Nave CD8+ T cells,ENSG00000184613.6,Nell2
Nave CD8+ T cells,ENSG00000184194.5,Gpr173
Nave CD8+ T cells,ENSG00000136854.13,Stxbp1
Nave CD8+ T cells,ENSG00000255582.1,Olfr1510
Nave CD8+ T cells,ENSG00000121742.11,Gjb6
Nave CD8+ T cells,ENSG00000088538.12,Dock3
Nave CD8+ T cells,ENSG00000212123.3,Prr22
Nave CD8+ T cells,ENSG00000131686.10,Car6
Nave CD8+ T cells,ENSG00000142156.10,Col6A1
Nave CD8+ T cells,ENSG00000177519.3,Rprm
Nave CD8+ T cells,ENSG00000162004.12,Ccdc78
Nave CD8+ T cells,ENSG00000158859.9,Adamts4
Nave CD8+ T cells,ENSG00000196411.5,Ephb4
Nave CD8+ T cells,ENSG00000168824.10,Nsg1
Nave CD8+ T cells,ENSG00000132386.6,Serpinf1
Nave CD8+ T cells,ENSG00000206013.2,Ifitm5
Nave CD8+ T cells,ENSG00000066230.6,Slc9A3
Nave CD8+ T cells,ENSG00000155980.7,Kif5A
Nave CD8+ T cells,ENSG00000180730.4,Shisa2
Nave CD8+ T cells,ENSG00000150764.9,Dixdc1
Nave CD8+ T cells,ENSG00000187862.7,Ttc24
Nave CD8+ T cells,ENSG00000167701.9,Gpt
Nave CD8+ T cells,ENSG00000008300.10,Celsr3
Nave CD8+ T cells,ENSG00000171444.13,Mcc
Nave CD8+ T cells,ENSG00000198417.5,Mt1
Nave CD8+ T cells,ENSG00000174885.8,Nlrp6
Nave CD8+ T cells,ENSG00000006638.7,Tbxa2R
